D,E,F,G,H
23017,103852,122648,23980,92779
62290,64700,71528,20912,100006
65655,109231,147646,17941,73653
62822,43073,20122,14381,90596
55846,77988,33403,31603,200716
47644,86329,157159,17038,76196
64689,22816,65648,22041,222719
39756,26254,95912,10518,102548
66550,98644,56133,18182,78720
38886,43764,69684,12801,181360
65226,73965,39020,27430,237720
46124,43085,63264,25963,171319
57593,48121,103397,11693,121019
58885,72830,135058,30041,85890
66242,94484,76249,23053,185260
25576,96758,111470,21592,73022
47414,57056,119488,26184,204385
14060,65701,106622,22388,119121
48945,85308,88639,19679,242240
48547,42732,57691,17735,118564
51766,22657,70224,12770,101679
66230,36298,142169,18487,71714
48915,88756,68935,29139,164041
35384,75254,71032,21226,94549
44982,97185,168752,14262,141059
50916,99426,25789,28013,113901
50915,65583,104262,15594,206473
43015,28643,85978,22845,205492
21172,100077,127722,22137,244409
46193,22229,21453,16339,127217
54040,86601,65183,31006,106112
40544,84546,139852,11931,221847
50740,39125,47695,21542,80056
37852,102339,140566,19143,67471
43935,20988,26443,21862,194470
33174,23744,17979,21761,196976
28950,75251,157479,31536,131985
17397,56237,15154,13487,132469
43224,63671,159087,28486,165285
59474,77574,113267,11346,182931
45419,62152,65875,11855,206715
34267,38514,130715,29083,118607
58071,101120,41175,20860,197885
30373,91262,120277,26879,159627
41413,80356,24627,13210,162148
32025,54379,90439,11979,240457
48050,57532,13270,23119,152978
59293,24427,150523,11455,95220
38051,69387,111578,14082,214141
47439,61053,84876,18708,190662
46808,106700,84474,110350,139283
54986,24287,155873,26554,77737
54896,95345,78444,32414,72501
59874,56321,169102,31146,236489
17997,29011,54836,17977,119101
32487,93557,154955,28417,175789
20645,34074,45404,29093,138453
61961,54245,70747,19883,157746
56397,44946,108925,30934,113990
35857,90414,165291,29391,226327
63497,78392,98757,12328,155143
57070,63763,89374,15277,95480
31581,108735,127095,21169,148682
55069,74698,102823,26894,237244
15828,60108,170142,18034,174630
22739,52756,30157,28814,108420
41065,73357,124545,32324,120022
61816,55287,162025,13719,177375
16614,22018,110943,28213,77401
63681,98241,120706,22586,117691
36447,90125,70206,11983,243946
44095,94924,11442,27986,167525
24023,43387,64373,12988,76902
18149,27038,24273,16448,139311
62018,101606,90805,18759,194424
38604,107644,59533,17036,241675
38025,108034,33549,23767,158402
27673,23638,109155,14337,175901
17006,25079,22961,29405,72758
52586,36002,91592,17407,186881
34291,77938,115928,12207,168325
63188,37625,49870,23025,169910
44021,79828,158589,18740,131787
66264,66923,38366,30684,239304
44658,89459,52586,10697,129600
47180,30585,36195,26847,91375
64702,90385,101177,30827,103809
25777,108331,118831,25475,244893
22781,61865,136718,28223,172030
24600,57722,105619,26331,133322
18036,53881,19087,30000,237342
25493,44595,12817,30315,92936
60710,76563,160351,31775,157673
64777,25745,110090,22531,195770
46746,69238,141974,31370,114085
44954,82572,134075,40000,179131
31489,56724,49143,20816,183730
37443,42439,61499,25126,201000
46238,50512,102140,30489,75741
18095,80637,118974,31811,87527
30814,96761,96093,15715,155040
59857,31961,152248,19067,142134
50416,74013,16275,15186,154751
53154,46994,14895,40000,73390
21843,99374,82398,32309,196933
28948,91936,166310,20100,92392
56995,39728,65081,15899,75974
43607,41675,69694,20769,167844
25354,90259,42903,75650,208058
36897,28216,51836,40000,127342
49966,92432,26595,19912,164171
29750,102481,97616,20401,155445
34573,68826,151828,26334,162462
40457,41750,154857,25301,140169
64381,96744,163380,30755,170413
67838,83060,158898,25647,96844
38962,90775,29125,25000,81778
18338,36980,153527,11597,127798
24480,89087,29350,19255,125200
33642,31987,123400,17762,76993
58490,88960,11860,31741,73233
24219,33434,31507,31107,191718
66241,99754,131144,19095,174163
30270,87144,19230,28075,104633
65986,24992,103026,14482,226644
45645,26117,98841,22947,114454
45983,34237,66269,11169,91985
33258,93221,126513,25845,78861
59026,39508,32546,26584,189947
57637,31509,103477,28154,154755
53629,66660,156272,16879,201657
15891,36207,80934,13945,195404
35416,95737,157229,19235,101784
32031,32379,151548,18827,99642
35747,109471,121118,10971,225379
31304,68175,127596,24891,237021
62574,43556,27507,31982,156771
21760,81548,120998,19644,183706
32345,24951,63418,14781,233253
47969,79679,13101,13943,91279
39628,110037,168679,10305,239306
23716,74432,146795,45000,172475
28847,45227,138309,13372,193751
16548,50952,125266,23477,231773
33863,37184,72448,22106,163831
41398,103686,27457,23215,203235
63399,63566,162527,23607,79551
27049,79364,94236,45000,135632
59993,50264,47807,21355,164844
64674,110078,25982,30203,119376
41786,90867,21290,12442,224535
54891,96848,54004,19815,176547
31284,72563,105482,16825,177557
23692,93864,94236,31381,110135
53086,53336,169375,31048,98544
60705,49683,18807,45000,185676
50272,60554,112866,22023,79884
28224,40409,30868,25099,121922
15174,27190,166547,18984,202687
43892,74438,91768,27054,116509
47401,100342,138302,22200,135867
29057,98215,121975,26603,94750
67529,47047,74416,16372,154234
17549,34833,95240,12591,147692
22693,21419,163460,26429,183350
44842,74446,146643,20523,110757
27121,89698,19907,31493,214750
25462,53057,144158,17725,119172
15434,60598,63509,28705,163610
32971,74493,76982,25255,120010
27125,95066,74383,24142,146829
59595,79433,44963,23981,199111
36220,34343,80835,24608,205194
41694,70271,49981,23341,243318
24045,73739,150208,26090,220352
53651,63275,19926,13291,184085
54210,107585,163999,26982,93743
48572,85331,87763,15604,193985
55179,65799,19462,10049,160546
39721,67066,36734,11020,185255
22218,31437,75293,26789,79084
56792,33559,65908,25420,179609
57434,65068,87465,25838,170696
66672,83701,147365,19591,142519
29515,100792,23837,28718,153317
60961,83548,23523,19619,201633
57004,60203,97055,20272,95828
64415,85586,16550,27207,201899
46547,56444,107629,17115,77690
56601,100522,136416,15299,165018
25408,58115,41123,20108,190552
45802,24712,120788,21897,83913
45064,62539,17705,32579,143206
58468,65415,140177,16542,102534
27417,41566,139063,12391,101735
25505,36762,26054,27791,83390
42524,77062,81181,17296,139490
63512,91610,143051,13684,156906
47575,83257,133943,30447,216978
58158,38200,80612,23677,190953
34106,67042,34078,18528,197628
67885,62273,109851,22710,147246
36661,81339,139676,26369,139648
20256,85836,58887,27849,129556
51524,42962,119731,18146,97624
14924,48516,111825,27319,98530
48530,57564,129088,13643,152463
64931,106551,31144,29635,153264
22232,40007,142656,20235,98481
49613,67581,106417,29256,87367
58760,52700,61480,25341,114503
29659,96600,152607,19012,142171
45318,70490,38681,30855,184320
23977,47541,56027,26585,154221
49010,79348,92220,14086,131278
41570,57673,87699,21450,153747
49856,82287,11094,13335,77231
52831,74592,124727,20565,177693
65160,79140,53352,30775,110484
44341,99188,155352,27675,189357
21951,53290,44156,19902,115062
50984,22503,102634,10478,104323
55281,77190,64997,12662,127415
24476,87756,68535,18348,122296
59635,67179,129522,25939,109284
19499,90332,70728,31167,148861
35331,90505,151299,29244,71063
39868,101585,14456,23206,159697
23256,64569,61558,28534,68408
25591,92314,127519,21277,166244
57242,85569,47088,28701,218921
64584,89244,25798,14234,226243
37754,103610,169710,26225,145031
43642,78686,104806,26088,212799
45193,95758,77565,27410,107565
45182,92191,59102,25119,233658
57575,62943,82235,20098,169046
45275,30889,75349,32600,165347
64929,92419,33007,27810,153894
34357,57585,111770,17959,145276
59679,50185,19351,28917,72471
43551,41576,55987,26603,108443
35123,93325,121396,17667,101371
20624,61769,102443,17454,85121
41696,34996,14141,29532,99424
22263,107911,24297,25323,231417
61894,28172,145914,21145,224649
30888,107488,79163,21875,77216
66146,53844,66420,27902,175683
37785,80959,16474,10258,162182
52591,25869,154879,18425,219465
16959,98600,20217,21932,118356
49100,41812,137731,19800,71214
41923,53339,147565,25703,236626
33555,77163,64605,30976,179137
39257,93216,92345,29115,80101
41901,93794,48025,15145,101997
41568,55312,149304,17218,154830
35053,24384,30946,24605,137570
50236,23228,149950,31218,154667
15569,28151,77041,24485,245622
59559,84244,168419,22638,79333
14129,63436,158059,18719,132249
48924,45342,135748,21954,197753
43731,59907,92933,28364,72665
43300,109536,141319,28325,212993
33805,105074,166591,18176,75633
42442,20793,160613,18943,181692
14141,65335,98826,17734,98230
22182,94580,77642,24109,113178
29892,30338,161736,28046,159572
18591,24499,161291,11785,169914
36522,45714,130302,20454,156331
67934,100413,96991,16523,111741
62035,91617,148682,29462,98191
61042,53612,47310,11414,120871
35592,43341,69581,30093,218711
52257,102806,163977,10288,206199
66529,96132,155597,13303,183896
22968,37836,120409,19854,72414
28948,79955,15910,21085,122913
34155,104564,106729,12818,233497
21027,50754,25110,14867,132896
54744,90459,128871,21211,159241
19181,94414,58154,23829,182770
45170,59929,63706,25844,176544
55719,79073,122081,10405,243433
37321,49260,28244,13481,187387
53820,38504,24296,13958,143747
19402,31299,55417,25827,204814
15036,71663,85213,19463,212239
27372,20915,45504,16209,195940
56876,106539,125781,22645,181424
30890,35024,46985,11487,186714
39006,67888,19993,11871,171984
20838,103456,134939,20967,120794
24565,82588,140540,18449,154132
44522,22666,121286,29874,192272
44630,106396,34908,28056,81183
23754,75219,51160,22106,201480
46917,38290,115013,28857,233651
40498,82313,39821,22188,124169
64458,31972,119938,19474,109876
24138,89607,68964,20428,222295
24044,99831,80328,27401,213502
24738,22190,77461,31847,203353
49618,45681,73383,17608,133051
13903,32716,95495,22268,197713
15653,68494,80149,28315,131387
57798,33274,96444,12657,87257
60907,43933,92744,26021,85698
65977,83386,43025,15966,112965
61595,25314,21624,13688,219798
59463,80065,130054,30081,144229
48102,27814,157455,23307,72639
15327,90545,69179,31852,142587
43463,94039,152632,29093,92284
65116,73337,168395,26085,191269
48035,84494,27750,26277,142985
49703,59527,162661,30374,106596
48228,97548,82999,11034,176639
45704,80869,16426,14657,243244
24148,37578,99200,25230,167770
46142,94877,124890,14133,136843
44800,40863,112597,19835,114831
61241,98703,142545,11134,217592
41531,92186,27571,18704,110571
18537,26422,99038,31914,160297
64463,36551,82276,29022,241467
34795,50136,29545,17413,176469
55114,97820,145026,18266,174323
32871,44598,58758,24376,129703
63445,77856,106523,11905,181182
39082,61975,169396,12452,244826
63060,31679,14682,10364,84668
60686,25119,97255,19519,82717
49526,71707,152081,31178,232694
35637,62292,117596,12462,163701
53593,68949,26171,16208,103960
33676,39509,83219,23607,236566
21764,106841,170392,11792,72500
38502,50961,93720,13878,68795
55810,92922,43990,12560,88240
44032,90265,29672,20955,171008
24145,86431,99902,14427,68957
36871,98867,117564,18859,105601
49883,85001,154631,14174,235409
34882,86125,105740,16567,137240
60755,32776,74851,12191,122816
35869,42666,137053,30541,203680
24945,22472,131039,11639,74931
31853,98704,65396,20166,78211
37278,92978,17188,18710,192344
61983,54666,9426,26097,117740
42052,79894,128825,12731,126427
38144,87157,88525,28493,103296
47325,35794,151890,22455,243659
26579,64453,114821,19801,235204
36298,75163,109383,16389,79475
21509,62999,135883,32168,155571
20295,24457,42204,19393,239310
52472,57056,120356,10397,113859
39644,67835,99246,15027,179201
51564,75716,19087,28576,147792
19491,87295,145791,18596,125111
57701,67756,167094,23150,236947
18875,104290,167385,27275,125542
48763,86799,27172,31209,91046
60682,93625,132335,28211,240706
51376,34954,56513,23366,239645
62457,101007,65310,20613,157670
21866,29142,87914,22183,179106
20677,100309,25169,25321,216123
34018,88708,113573,14242,147501
27479,107739,27362,11953,240556
37089,94983,116961,28249,101258
67418,107706,46477,27070,105156
37129,82985,49396,25464,179173
54390,22693,60478,13197,185302
16379,43893,37922,16557,97946
18584,85679,117808,18890,157200
41523,40691,80034,31606,111968
42271,40148,151565,13480,239643
56397,84234,32823,30580,206965
49800,61338,122496,17255,106037
51984,38159,117324,18027,231366
58042,102162,72661,32114,148742
16538,29235,160010,10598,201881
55878,59892,149318,23790,150428
26166,29786,49551,12532,165001
15942,103791,116385,27171,197929
36669,78269,56997,26554,143179
20092,47762,148148,22709,208679
47167,20676,127886,17865,106342
32251,102541,49213,22511,163494
20650,36231,160808,22721,104701
53478,83191,134604,16825,245162
22127,99150,128844,20018,115801
26602,65832,55731,26958,232700
19465,22603,9394,21010,85039
15820,85275,112834,15508,85614
56184,23839,17970,12480,129756
24662,81123,109871,19729,221310
48035,34385,142500,18253,180944
52704,103514,13483,11020,184375
22338,61640,160682,19981,171390
21422,41206,39712,20323,75548
57130,65650,104829,10225,208993
29215,26619,127771,17931,73718
33080,21084,77917,23958,100779
67238,85301,9565,20190,206717
22491,47252,141986,26666,210076
62158,24546,157253,15343,129501
46586,76352,59851,13306,138400
46477,57008,161681,13498,87420
45355,59348,88354,27198,196599
55152,34809,107307,17272,142196
59061,44048,58991,23646,179768
41946,64316,145696,20924,140558
43589,90146,84606,18380,117513
47687,75086,25628,15958,131453
35586,41570,56869,14856,98998
41720,22415,155302,23054,185751
33408,106206,22316,32216,181999
55799,75037,110877,11306,220947
15967,67948,51703,18271,80475
43276,57649,110415,22645,123551
35092,37747,134145,11799,126853
53208,102602,114278,31073,196238
30777,102922,164819,20078,185635
63846,86172,33892,32060,214129
34844,43634,153032,30591,236704
47059,62810,124266,25511,225507
41102,94418,129127,27762,199425
60562,97921,116989,21141,202652
31769,47316,170197,16012,164380
33604,74404,147930,21057,69210
21414,100193,49102,10757,241354
24253,91019,155704,26058,113944
53678,84630,116388,23831,156958
61788,80979,124414,15808,194229
19133,93397,25107,30206,189986
56275,54043,147212,23975,160842
55526,68609,34424,14160,111984
66109,45913,155916,19433,164438
19567,95300,134036,28695,218910
15961,33582,82855,16626,106484
30096,70134,168437,19760,197267
27499,29893,29475,30791,159656
65525,62305,52418,14648,122004
44541,42642,73941,19912,178020
41688,51642,111372,15150,100892
37581,76185,80441,31518,184535
21031,70095,137792,30894,152864
44119,40130,115433,19819,143571
35792,110270,67141,24183,83696
56115,98351,91211,31353,151238
22955,62914,36282,17706,191420
23810,42389,84949,20100,180476
17671,105340,130497,18828,162871
54620,30993,97149,29293,220538
58621,95952,19083,13570,161947
44718,109013,61738,29448,159534
62061,99063,69649,32096,77895
47682,105057,76412,10599,213101
35032,99584,29310,12350,173403
43691,40650,50741,12954,174571
28240,86654,54125,24005,125988
19351,38735,29426,11569,169725
31956,100059,163675,32077,93545
37774,65935,61156,21207,195221
25737,69055,155225,20757,193307
40331,101921,116439,28441,77243
28958,88768,109189,22212,165524
22388,110187,39740,28577,135562
66199,83206,35258,20687,157708
18461,22655,154621,26032,95647
16423,43715,98874,32358,121086
58750,45371,129315,30612,68202
28761,62875,127669,28821,78891
40689,97071,93128,20338,235457
63992,97708,55644,10547,231489
31038,38139,97010,24175,161082
49880,96991,141120,16734,172191
25412,100733,66862,32203,206870
28322,73961,24279,31020,169825
57600,44310,21783,14429,164407
24564,82383,133425,14532,74881
36371,103556,123350,18505,228433
44011,93215,15373,26126,105598
24314,77351,164737,11065,158096
37756,55821,152837,26721,183885
32416,36728,42704,22627,162541
24280,47055,72050,32501,236890
19931,71280,47333,21915,162275
35564,97640,21211,12917,134508
27296,20203,160892,14173,117714
61773,32811,93105,10812,159456
67928,40343,83136,26129,232882
24263,71366,53199,12917,157933
21023,74246,81345,10657,158419
28384,72974,16504,30600,238530
27293,102035,37088,10901,211489
40288,22363,155407,13686,121253
40597,24735,54964,20438,217142
32669,99680,115401,25592,135143
59366,57076,136387,29155,241667
63132,22334,94707,21774,114525
56374,40018,50957,17289,226263
64773,59711,159111,32460,141508
31075,39731,126681,30156,238826
59133,67396,52524,13776,81209
25991,35495,153865,16398,208881
42970,81810,119578,18632,118354
32984,24568,15726,28644,167460
23674,69879,27414,24467,192960
51563,68014,100380,30542,239757
34718,33606,140110,28480,120005
16393,73355,159936,13674,206042
41867,53987,142627,23755,233838
39485,86087,160535,31241,219878
53211,30621,31441,32396,104200
64745,31143,18710,30541,199165
47389,34285,101631,25062,151835
54637,74323,135159,29786,214369
26208,37962,22127,14904,69550
38076,102784,78678,16395,205829
61075,52322,93403,18280,101331
28339,86105,30288,25382,81387
30829,92181,140244,15209,118480
54651,30026,27030,28878,96092
40551,55737,92924,10508,90068
34007,77964,22938,32216,139869
36060,81296,90572,23694,96612
54980,97183,141238,26870,76073
64163,54062,20247,29989,128735
64978,55772,32934,15538,162788
15830,23269,12216,11070,244038
53746,110388,143487,17318,187962
17668,103961,116387,11140,107065
34042,32017,161820,11360,97238
47957,44433,21188,28952,122356
47136,28630,150200,29284,222736
54813,45478,123693,11603,200913
42289,41807,65833,21242,174646
63773,104240,92218,29302,154392
43404,99132,53306,19140,159028
15269,92155,121046,25131,117320
26421,101202,84409,24516,91817
21973,71614,141274,29719,200656
20349,99861,38595,17484,107419
16531,35363,132483,26772,200209
25235,88071,75921,14966,169876
57628,109405,147703,29096,118337
56175,46704,76406,12200,220897
56848,52113,116786,25901,175856
52216,36462,112833,11574,205494
38834,53100,69951,11377,223854
53399,73006,44446,25891,114189
31209,60433,166168,12562,74094
66024,73046,39561,29765,215296
50041,42890,33654,21806,197435
22719,59363,66882,27256,151972
28147,77863,61680,21906,159844
15138,82579,31257,12226,102178
23245,37294,78857,15367,150398
14588,86099,136941,29678,242839
44329,61479,96764,27145,207268
60963,85572,161536,13953,185254
47527,102457,141018,20048,171583
66924,92811,141423,14403,188079
35586,50812,45423,16016,101899
51342,20986,14274,26834,137906
32074,51230,52308,14529,205397
46220,82057,86076,13665,111163
50698,27559,23563,24150,195925
51207,85740,35794,32375,218604
63683,53485,140340,28427,179622
31170,74714,13216,11497,103258
35040,67602,104483,13421,203596
26841,105123,80834,17450,121790
40991,97737,118600,25551,100471
35849,49426,117505,29466,223633
26560,59507,106350,10346,191724
26681,80934,133529,20955,191690
47500,53119,168881,24786,115975
45175,30600,108902,18321,162473
65857,65389,101156,25683,110729
21462,36266,163424,21970,233223
65249,21428,102020,17240,189281
49986,76511,94472,29708,210643
14120,66530,21357,20118,231300
36993,79701,154179,16621,244881
42242,44227,129869,25680,103907
32244,70315,72884,26779,109810
23356,97226,149327,14436,112445
63874,80663,110862,16864,195212
55124,71860,140156,16269,153989
19687,38002,10181,21412,211918
67394,53705,28518,10930,192883
29655,71568,14775,17613,107829
58261,107700,160953,27186,129336
53393,100274,103541,28743,89604
49234,65044,86002,25595,194469
40808,89003,23393,14310,214000
49035,31942,29777,30882,69647
52273,36239,82708,30807,209708
27381,40597,145454,22382,123618
36217,86904,42289,29911,102252
35237,23563,145562,15572,158667
58097,99526,99736,13839,138883
60631,99264,64684,15913,81330
67335,102969,37724,16492,136825
47869,80900,73763,12584,226282
66739,32303,42434,21273,85883
33716,28798,124284,17449,214034
27716,48182,36650,25466,186028
27806,52659,64869,28463,156586
50432,82966,97148,23553,217536
43603,27685,75889,24741,183382
58517,45922,160555,17063,156529
29132,31833,153960,46890,158987
45466,100564,42969,46900,80410
31639,35092,85662,46910,68619
61543,55614,35841,46920,135335
41708,84853,165267,46930,180365
51069,95395,116997,46940,133527
39846,64783,155060,46950,102533
47215,47810,60051,46960,102902
55065,37465,90907,46970,218700
66712,68801,26974,46980,175838
44530,99341,159115,46990,125546
44221,78034,76014,47000,225831
63624,67114,48994,47010,153002
21090,108820,14691,47020,82868
60449,26219,15400,47030,194369
27387,35768,154624,47040,142844
66322,38185,140397,47050,175544
48495,51156,43408,47060,128736
31700,87120,54436,47070,221336
67013,41126,102729,47080,233673
24061,69695,151656,47090,184785
20523,70389,60244,47100,198685
39407,86761,158163,47110,211465
49974,110122,98030,47120,166037
50668,50341,29106,47130,214398
25893,68853,112273,47140,142714
47119,46135,162888,47150,177430
18742,88110,145840,47160,122757
59518,82474,153691,47170,222817
66569,83477,104226,47180,124025
15643,68824,85618,47190,77651
67585,50249,58912,47200,197058
52988,106979,153920,47210,196019
17611,91961,128393,47220,170227
41612,20023,109544,47230,132854
42243,65850,98485,47240,137054
46625,88551,139563,47250,135988
53767,45034,37531,47260,122714
44363,33388,90446,47270,172761
14608,95332,39822,47280,192953
20577,51941,65104,47290,183475
16213,92103,52564,47300,115734
62872,44633,23569,47310,119850
65487,101997,96779,47320,170585
29038,81280,28870,47330,225136
16664,94283,169767,47340,139073
57435,52334,24342,47350,86969
27518,85106,64972,47360,82067
61121,88664,72199,47370,158017
22032,48981,90566,47380,102646
28221,82078,129801,47390,236443
59797,74049,77882,47400,106855
54365,68615,160578,47410,124467
45648,91081,151176,47420,239950
35966,30905,12094,47430,99149
60486,60546,59222,47440,142987
35682,100461,144148,47450,218620
21506,41040,110480,47460,132657
39974,82729,52656,47470,199090
26658,66174,163777,47480,196818
36574,70787,44806,47490,99248
22054,28533,146236,47500,199906
53786,82962,24071,47510,231069
66843,91447,153658,47520,73725
45269,76193,102595,47530,241260
66771,97312,65299,47540,174290
32265,57681,116169,47550,127696
45136,52316,19699,47560,164242
39370,74519,74893,47570,221813
23067,43055,164105,47580,166804
14445,67483,147494,47590,243391
45735,67005,168264,47600,81899
26225,71513,14608,47610,139916
60874,40914,87979,47620,112640
23789,51084,90194,47630,225879
18816,89264,104757,47640,139418
44706,56022,26692,47650,136164
31308,20672,68735,47660,183955
53642,106122,115041,47670,217277
27835,52671,58027,47680,181712
16816,55320,14471,47690,103616
28089,106408,38051,47700,95422
57165,88533,165340,47710,191955
25398,75208,137067,47720,133981
19380,101987,132001,47730,223898
14433,21724,25480,47740,178009
46342,78638,86958,47750,132532
52804,33928,94823,47760,105860
51788,33127,90760,47770,163974
45603,56452,78913,47780,208754
34923,82620,36353,47790,224851
31162,33339,45041,47800,102420
47548,45490,77387,47810,155493
44914,24471,138420,47820,111387
14809,109622,144545,47830,117262
55181,32004,99211,47840,209608
25117,74747,138715,47850,102936
28333,63269,45080,47860,136357
64574,53965,10363,47870,231352
27383,70721,155567,47880,133110
18391,58309,99367,47890,130874
38423,64008,129216,47900,203050
60951,76766,131447,47910,133722
41474,92856,24718,47920,174362
48667,53121,80513,47930,141642
17007,58329,160251,47940,196712
32493,94001,132856,47950,219047
60740,23619,19773,47960,116105
29125,30881,95473,47970,97721
64213,26055,159995,47980,214796
32021,40532,114392,47990,124051
47915,108404,149305,48000,238927
16767,47957,60420,48010,219493
55437,67587,59244,48020,207048
57051,99518,11604,48030,115303
59355,92425,85400,48040,133567
66951,110344,31757,48050,80843
33599,104563,18719,48060,144428
16260,67894,55734,48070,244358
36290,101583,120072,48080,183677
63627,88959,43379,48090,81182
66098,98391,123032,48100,115436
48154,61611,16132,48110,188260
56317,70804,149233,48120,109279
36275,108519,138267,48130,182919
60335,78354,74922,48140,134190
32738,41304,97913,48150,186920
35938,78807,122540,48160,68338
36073,96242,103272,48170,99158
44010,109204,170434,48180,114807
53001,63609,89619,48190,92754
64039,52854,107509,48200,82586
45877,46147,79584,48210,85761
65572,34414,32913,48220,174827
14008,26606,34698,48230,192199
55645,84343,101589,48240,106630
51609,71350,55034,48250,184253
59682,105766,89090,48260,88732
42301,36421,32872,48270,80177
20752,55626,103310,48280,180873
17181,92990,12116,48290,132112
18553,96588,139707,48300,160674
46833,97375,118098,48310,68875
54145,23733,39303,48320,79302
50118,99083,95674,48330,152939
28599,42430,98572,48340,201899
46968,55335,126127,48350,177058
60422,43264,21610,48360,123012
22611,51492,134221,48370,94131
54606,99440,84412,48380,202792
17740,63140,114299,48390,178996
47013,82680,15127,48400,153784
53633,50898,28288,48410,111180
17765,74742,83011,48420,143654
33971,25738,19817,48430,116908
27355,30182,152305,48440,231455
42057,101041,138799,48450,189142
45992,44946,66121,48460,117561
35843,61703,115463,48470,117394
17346,36477,54583,48480,151098
48466,84584,82938,48490,177177
47665,67442,139167,48500,154012
23003,42748,67496,48510,125250
61292,101381,104528,48520,192889
20694,78641,19003,48530,147455
53899,101304,12066,48540,115506
24806,31719,83191,48550,97053
43774,30340,25943,48560,245503
39443,108374,73021,48570,100461
18161,75766,128296,48580,140710
40433,33170,106985,48590,77856
26238,48862,113424,48600,209106
47555,33477,18717,48610,155328
59860,97500,34195,48620,196358
24212,31465,84951,48630,90845
60713,103291,168132,48640,158525
31360,95080,113341,48650,159166
51258,106986,111782,48660,99289
55360,60925,61258,48670,223479
37962,84742,10900,48680,160144
38522,26381,17817,48690,140212
16614,39279,77474,48700,140640
31407,95601,144948,48710,199233
29301,86174,153841,48720,165974
51933,73839,135366,48730,130920
34047,92491,23376,48740,73733
52717,88712,33637,48750,181022
53917,31046,159315,48760,115859
29737,50724,77771,48770,237729
61129,73216,68780,48780,238922
15067,46548,143920,48790,105275
32158,40454,140885,48800,77778
54859,52919,124106,48810,166806
42656,110408,154838,48820,215799
54531,45501,162056,48830,237544
40799,62280,70298,48840,119308
17944,24000,83025,48850,72097
19186,64001,123288,48860,102557
22896,89767,97922,48870,99401
30683,44732,82015,48880,168476
53145,62172,168473,48890,152126
63414,80957,113377,48900,133608
37674,103330,71703,48910,224145
17338,73405,41187,48920,236295
61942,65813,129763,48930,203474
13782,46769,107110,48940,145892
21157,52971,93040,48950,78109
33666,69664,148443,48960,124511
55228,91410,116065,48970,200814
30409,87170,136179,48980,178211
55945,106271,30993,48990,110814
32393,24037,152164,49000,197091
24158,55968,38496,49010,193427
44618,107441,31468,49020,168693
23651,68290,139162,49030,129062
41955,54811,164655,49040,164396
26111,24780,10943,49050,201162
37334,53487,64334,49060,129129
38753,41994,148515,49070,123637
27034,81415,64462,49080,208443
37292,28397,32899,49090,102973
63034,82390,170505,49100,115286
51282,32791,157974,49110,237692
32832,49468,39167,49120,79858
25372,88697,11395,49130,148832
43121,99866,119058,49140,218586
17782,106966,81419,49150,84354
16281,23983,121857,49160,198740
61036,41688,119732,49170,188722
46445,105972,168337,49180,174071
60902,72681,50206,49190,158446
34892,41578,38154,49200,204879
18281,31439,124262,49210,240638
63702,50126,29184,49220,94873
17119,82611,40877,49230,180348
41711,49050,125564,49240,84772
58877,103392,73859,49250,129596
65614,75210,41760,49260,183205
37803,87712,142530,49270,100191
62465,72821,114359,49280,233505
50233,74174,67401,49290,142150
58519,61562,89863,49300,137285
39324,69912,116340,49310,143282
52697,104431,85501,49320,169781
43356,31639,13764,49330,164903
41744,25248,117183,49340,107702
15885,25845,59844,49350,187306
24861,98831,9847,49360,147698
47565,88335,46324,49370,163027
54540,60704,15438,49380,236554
20487,43936,160601,49390,84819
36055,98513,139690,49400,184504
40752,67345,148624,49410,92870
58015,43597,109073,49420,116965
19725,34570,113976,49430,168109
25417,48964,86052,49440,195370
42934,79866,24479,49450,191358
28313,69108,168958,49460,95154
23209,63957,163946,49470,189033
32245,70669,122493,49480,164466
48281,108649,143467,49490,142980
67242,28769,23479,49500,171372
42869,77403,45719,49510,175805
14851,94992,144136,49520,87747
67172,85941,109136,49530,152331
60563,53940,156149,49540,94253
23319,77856,125827,49550,198077
36702,48016,82875,49560,216881
14630,44498,64211,49570,220449
15568,40902,132459,49580,80585
37520,108253,126414,49590,199980
33209,105264,157893,49600,105948
51723,101665,39015,49610,147231
20110,60832,67680,49620,82791
27977,77767,21287,49630,222386
26974,82237,28197,49640,199643
23926,92377,73224,49650,220128
42941,22106,48258,49660,121652
26211,90313,149881,49670,218344
18983,59309,76818,49680,127540
14165,100030,89047,49690,198779
15463,94552,30336,49700,217902
64018,56152,129649,49710,76492
58224,60546,101028,49720,231252
27912,82752,17333,49730,103487
64014,26294,155655,49740,228197
33159,51379,120257,49750,244351
24125,38753,75853,49760,236131
45223,64741,100798,49770,166735
21824,82738,87854,49780,236730
54387,60032,103357,49790,113289
32163,84577,161603,49800,122702
34788,34690,85431,49810,218372
26229,77278,142233,49820,127875
51690,86718,43659,49830,73653
27185,60968,64744,49840,213626
59392,105641,115208,49850,100553
26206,22131,49636,49860,231608
36380,80033,164563,49870,103964
46995,47279,163414,49880,171135
41088,101061,32624,49890,225241
47691,103273,110326,49900,100757
20175,46710,39699,49910,179949
60899,26765,126067,49920,223492
37820,62730,78529,49930,185166
50706,67773,84134,49940,214063
27342,48390,159429,49950,147931
58531,37011,53771,49960,78362
17568,91293,46001,49970,210456
49718,56519,116839,49980,199201
62547,66186,67497,49990,130792
63244,98064,17331,50000,115666
47735,94520,57243,50010,168151
47305,51777,92595,50020,120875
65397,25894,88215,50030,135943
52064,27700,76192,50040,95904
56054,86938,145873,50050,166888
15886,28942,61685,50060,126596
28547,35186,167887,50070,176628
53426,72406,32015,50080,178487
59431,105667,130499,50090,146277
39188,79397,164137,50100,173489
43050,100474,119496,50110,164912
36263,58636,37309,50120,193088
34528,97338,142774,50130,117254
47392,65596,112499,50140,228657
35274,56433,42429,50150,85158
26637,50342,160355,50160,206545
34700,55331,92350,50170,208347
24241,84302,9905,50180,197007
48581,82371,77970,50190,189464
24930,37298,79283,50200,172792
27410,46844,103419,50210,76760
50210,44468,77140,50220,106080
14705,72779,149396,50230,93786
44364,107629,37286,50240,104679
54160,78788,67712,50250,94027
28065,64405,21925,50260,188124
53827,43776,139956,50270,217082
29015,53971,61377,50280,216565
16299,76559,20698,50290,151501
59661,46757,42232,50300,188072
35067,104772,93134,50310,92631
23116,24814,125592,50320,237158
60756,91960,155367,50330,236732
16702,79027,50679,50340,125997
50591,42189,67450,50350,83743
45254,45591,60310,50360,205248
53303,72357,121280,50370,181390
23325,100213,8763,50380,128295
21236,54624,88580,50390,120510
64633,103331,16849,50400,147467
23536,41343,88717,50410,152213
43647,85676,22695,50420,98346
32196,26502,127375,50430,175492
50983,84372,133801,50440,87050
49789,92294,69843,50450,185598
42356,40561,80540,50460,202156
42259,31549,121828,50470,127256
43683,86197,42569,50480,144345
30446,73465,138348,50490,131670
31198,37439,123789,50500,240356
65740,78444,76990,50510,207036
55175,66946,124066,50520,76234
66550,39354,151901,50530,225759
48858,69270,111736,50540,174124
27235,73487,102783,50550,211387
37957,26563,75568,50560,241275
62760,108306,76389,50570,89018
18820,57074,72058,50580,70687
24626,65596,169816,50590,187182
49952,34388,60279,50600,95439
23028,76110,71691,50610,187531
60614,55577,118732,50620,174145
30387,51513,22218,50630,88991
25263,86362,152413,50640,182126
57110,106075,137431,50650,135829
56367,33123,169664,50660,215129
60049,52515,45459,50670,93796