age_num,Age,Year,Value
0,Zero years,1996,59594
1,1 year,1996,60762
2,2 years,1996,65623
3,3 years,1996,72487
4,4 years,1996,73665
5,5 years,1996,77423
6,6 years,1996,77329
7,7 years,1996,77498
8,8 years,1996,80736
9,9 years,1996,81383
10,10 years,1996,84299
11,11 years,1996,87553
12,12 years,1996,88112
13,13 years,1996,88991
14,14 years,1996,89442
15,15 years,1996,89908
16,16 years,1996,91492
17,17 years,1996,96177
18,18 years,1996,95853
19,19 years,1996,95458
20,20 years,1996,95166
21,21 years,1996,93600
22,22 years,1996,92999
23,23 years,1996,88274
24,24 years,1996,83445
25,25 years,1996,78731
26,26 years,1996,76250
27,27 years,1996,74300
28,28 years,1996,71048
29,29 years,1996,71713
30,30 years,1996,74788
31,31 years,1996,77162
32,32 years,1996,79701
33,33 years,1996,79098
34,34 years,1996,76229
35,35 years,1996,78893
36,36 years,1996,79536
37,37 years,1996,78580
38,38 years,1996,82528
39,39 years,1996,85154
40,40 years,1996,86806
41,41 years,1996,86441
42,42 years,1996,84774
43,43 years,1996,84022
44,44 years,1996,84172
45,45 years,1996,82669
46,46 years,1996,78799
47,47 years,1996,71698
48,48 years,1996,70789
49,49 years,1996,67611
50,50 years,1996,58416
51,51 years,1996,53590
52,52 years,1996,56019
53,53 years,1996,52287
54,54 years,1996,51733
55,55 years,1996,51309
56,56 years,1996,50874
57,57 years,1996,47954
58,58 years,1996,45990
59,59 years,1996,44414
60,60 years,1996,43570
61,61 years,1996,44583
62,62 years,1996,43662
63,63 years,1996,43544
64,64 years,1996,45540
65,65 years,1996,44550
66,66 years,1996,43796
67,67 years,1996,42056
68,68 years,1996,40680
69,69 years,1996,38936
70,70 years,1996,38226
71,71 years,1996,36123
72,72 years,1996,35522
73,73 years,1996,36008
74,74 years,1996,33759
75,75 years,1996,31758
76,76 years,1996,25319
77,77 years,1996,23033
78,78 years,1996,10207
79,79 years,1996,9654
80,80 years,1996,9615
81,81 years,1996,11876
82,82 years,1996,15357
83,83 years,1996,13219
84,84 years,1996,11667
85,85 years,1996,9239
86,86 years,1996,8040
87,87 years,1996,7139
88,88 years,1996,5451
89,89 years,1996,3948
90,90 years,1996,3120
91,91 years,1996,2300
92,92 years,1996,1808
93,93 years,1996,1340
94,94 years,1996,992
95,95 years,1996,688
96,96 years,1996,464
97,97 years,1996,280
98,98 years,1996,192
99,99 years,1996,132
100,100 years,1996,192
101,101 years,1996,0
102,102 years,1996,0
103,103 years,1996,0
104,104 years,1996,0
105,105 years,1996,0
106,106 years,1996,0
107,107 years,1996,0
108,108 years,1996,0
109,109 years,1996,0
0,Zero years,1997,58675
1,1 year,1997,59516
2,2 years,1997,60738
3,3 years,1997,65612
4,4 years,1997,72483
5,5 years,1997,73647
6,6 years,1997,77413
7,7 years,1997,77335
8,8 years,1997,77493
9,9 years,1997,80726
10,10 years,1997,81377
11,11 years,1997,84296
12,12 years,1997,87546
13,13 years,1997,88102
14,14 years,1997,88991
15,15 years,1997,89460
16,16 years,1997,89904
17,17 years,1997,91458
18,18 years,1997,96138
19,19 years,1997,95801
20,20 years,1997,95411
21,21 years,1997,95095
22,22 years,1997,93551
23,23 years,1997,92947
24,24 years,1997,88257
25,25 years,1997,83418
26,26 years,1997,78725
27,27 years,1997,76219
28,28 years,1997,74293
29,29 years,1997,71032
30,30 years,1997,71692
31,31 years,1997,74731
32,32 years,1997,77153
33,33 years,1997,79650
34,34 years,1997,79060
35,35 years,1997,76174
36,36 years,1997,78797
37,37 years,1997,79425
38,38 years,1997,78449
39,39 years,1997,82383
40,40 years,1997,84971
41,41 years,1997,86640
42,42 years,1997,86214
43,43 years,1997,84522
44,44 years,1997,83758
45,45 years,1997,83887
46,46 years,1997,82335
47,47 years,1997,78418
48,48 years,1997,71359
49,49 years,1997,70400
50,50 years,1997,67158
51,51 years,1997,58026
52,52 years,1997,53187
53,53 years,1997,55555
54,54 years,1997,51815
55,55 years,1997,51246
56,56 years,1997,50781
57,57 years,1997,50286
58,58 years,1997,47335
59,59 years,1997,45364
60,60 years,1997,43768
61,61 years,1997,42877
62,62 years,1997,43822
63,63 years,1997,42830
64,64 years,1997,42662
65,65 years,1997,44558
66,66 years,1997,43461
67,67 years,1997,42614
68,68 years,1997,40864
69,69 years,1997,39408
70,70 years,1997,37572
71,71 years,1997,36774
72,72 years,1997,34551
73,73 years,1997,33872
74,74 years,1997,34227
75,75 years,1997,31940
76,76 years,1997,29840
77,77 years,1997,23696
78,78 years,1997,21429
79,79 years,1997,9409
80,80 years,1997,8845
81,81 years,1997,8734
82,82 years,1997,10679
83,83 years,1997,13711
84,84 years,1997,11614
85,85 years,1997,10199
86,86 years,1997,7901
87,87 years,1997,6785
88,88 years,1997,5905
89,89 years,1997,4412
90,90 years,1997,3160
91,91 years,1997,2465
92,92 years,1997,1786
93,93 years,1997,1418
94,94 years,1997,1028
95,95 years,1997,776
96,96 years,1997,555
97,97 years,1997,383
98,98 years,1997,234
99,99 years,1997,172
100,100 years,1997,284
101,101 years,1997,0
102,102 years,1997,0
103,103 years,1997,0
104,104 years,1997,0
105,105 years,1997,0
106,106 years,1997,0
107,107 years,1997,0
108,108 years,1997,0
109,109 years,1997,0
0,Zero years,1998,57157
1,1 year,1998,58586
2,2 years,1998,59499
3,3 years,1998,60693
4,4 years,1998,65578
5,5 years,1998,72488
6,6 years,1998,73636
7,7 years,1998,77403
8,8 years,1998,77330
9,9 years,1998,77480
10,10 years,1998,80720
11,11 years,1998,81365
12,12 years,1998,84278
13,13 years,1998,87531
14,14 years,1998,88097
15,15 years,1998,88995
16,16 years,1998,89464
17,17 years,1998,89882
18,18 years,1998,91409
19,19 years,1998,96081
20,20 years,1998,95742
21,21 years,1998,95349
22,22 years,1998,95050
23,23 years,1998,93502
24,24 years,1998,92880
25,25 years,1998,88207
26,26 years,1998,83408
27,27 years,1998,78694
28,28 years,1998,76213
29,29 years,1998,74263
30,30 years,1998,70996
31,31 years,1998,71656
32,32 years,1998,74683
33,33 years,1998,77083
34,34 years,1998,79572
35,35 years,1998,78989
36,36 years,1998,76080
37,37 years,1998,78678
38,38 years,1998,79321
39,39 years,1998,78268
40,40 years,1998,82196
41,41 years,1998,84741
42,42 years,1998,86405
43,43 years,1998,85916
44,44 years,1998,84235
45,45 years,1998,83422
46,46 years,1998,83528
47,47 years,1998,81952
48,48 years,1998,78006
49,49 years,1998,70960
50,50 years,1998,69928
51,51 years,1998,66739
52,52 years,1998,57582
53,53 years,1998,52772
54,54 years,1998,55030
55,55 years,1998,51323
56,56 years,1998,50704
57,57 years,1998,50189
58,58 years,1998,49651
59,59 years,1998,46692
60,60 years,1998,44720
61,61 years,1998,43059
62,62 years,1998,42134
63,63 years,1998,42919
64,64 years,1998,41943
65,65 years,1998,41757
66,66 years,1998,43452
67,67 years,1998,42312
68,68 years,1998,41334
69,69 years,1998,39535
70,70 years,1998,38045
71,71 years,1998,36139
72,72 years,1998,35268
73,73 years,1998,33059
74,74 years,1998,32155
75,75 years,1998,32347
76,76 years,1998,30033
77,77 years,1998,27861
78,78 years,1998,22047
79,79 years,1998,19777
80,80 years,1998,8575
81,81 years,1998,8048
82,82 years,1998,7857
83,83 years,1998,9444
84,84 years,1998,12013
85,85 years,1998,10111
86,86 years,1998,8710
87,87 years,1998,6624
88,88 years,1998,5595
89,89 years,1998,4787
90,90 years,1998,3535
91,91 years,1998,2511
92,92 years,1998,1948
93,93 years,1998,1448
94,94 years,1998,1139
95,95 years,1998,839
96,96 years,1998,634
97,97 years,1998,473
98,98 years,1998,311
99,99 years,1998,200
100,100 years,1998,407
101,101 years,1998,0
102,102 years,1998,0
103,103 years,1998,0
104,104 years,1998,0
105,105 years,1998,0
106,106 years,1998,0
107,107 years,1998,0
108,108 years,1998,0
109,109 years,1998,0
0,Zero years,1999,55831
1,1 year,1999,57064
2,2 years,1999,58574
3,3 years,1999,59466
4,4 years,1999,60695
5,5 years,1999,65569
6,6 years,1999,72488
7,7 years,1999,73636
8,8 years,1999,77399
9,9 years,1999,77316
10,10 years,1999,77477
11,11 years,1999,80707
12,12 years,1999,81361
13,13 years,1999,84259
14,14 years,1999,87532
15,15 years,1999,88110
16,16 years,1999,88991
17,17 years,1999,89443
18,18 years,1999,89852
19,19 years,1999,91370
20,20 years,1999,96043
21,21 years,1999,95673
22,22 years,1999,95291
23,23 years,1999,95014
24,24 years,1999,93423
25,25 years,1999,92858
26,26 years,1999,88161
27,27 years,1999,83346
28,28 years,1999,78674
29,29 years,1999,76181
30,30 years,1999,74241
31,31 years,1999,70967
32,32 years,1999,71615
33,33 years,1999,74634
34,34 years,1999,77032
35,35 years,1999,79509
36,36 years,1999,78922
37,37 years,1999,75999
38,38 years,1999,78588
39,39 years,1999,79166
40,40 years,1999,78105
41,41 years,1999,81993
42,42 years,1999,84516
43,43 years,1999,86154
44,44 years,1999,85637
45,45 years,1999,83937
46,46 years,1999,83065
47,47 years,1999,83188
48,48 years,1999,81530
49,49 years,1999,77577
50,50 years,1999,70490
51,51 years,1999,69422
52,52 years,1999,66270
53,53 years,1999,57134
54,54 years,1999,52295
55,55 years,1999,54459
56,56 years,1999,50778
57,57 years,1999,50159
58,58 years,1999,49593
59,59 years,1999,48987
60,60 years,1999,46012
61,61 years,1999,43994
62,62 years,1999,42307
63,63 years,1999,41349
64,64 years,1999,42042
65,65 years,1999,40995
66,66 years,1999,40753
67,67 years,1999,42304
68,68 years,1999,41143
69,69 years,1999,40101
70,70 years,1999,38208
71,71 years,1999,36690
72,72 years,1999,34688
73,73 years,1999,33797
74,74 years,1999,31488
75,75 years,1999,30459
76,76 years,1999,30433
77,77 years,1999,28148
78,78 years,1999,25933
79,79 years,1999,20319
80,80 years,1999,18128
81,81 years,1999,7773
82,82 years,1999,7291
83,83 years,1999,6950
84,84 years,1999,8257
85,85 years,1999,10534
86,86 years,1999,8678
87,87 years,1999,7348
88,88 years,1999,5501
89,89 years,1999,4576
90,90 years,1999,3865
91,91 years,1999,2825
92,92 years,1999,1964
93,93 years,1999,1514
94,94 years,1999,1162
95,95 years,1999,898
96,96 years,1999,689
97,97 years,1999,561
98,98 years,1999,411
99,99 years,1999,265
100,100 years,1999,538
101,101 years,1999,0
102,102 years,1999,0
103,103 years,1999,0
104,104 years,1999,0
105,105 years,1999,0
106,106 years,1999,0
107,107 years,1999,0
108,108 years,1999,0
109,109 years,1999,0
0,Zero years,2000,54741
1,1 year,2000,55758
2,2 years,2000,57043
3,3 years,2000,58556
4,4 years,2000,59464
5,5 years,2000,60697
6,6 years,2000,65552
7,7 years,2000,72476
8,8 years,2000,73644
9,9 years,2000,77406
10,10 years,2000,77308
11,11 years,2000,77464
12,12 years,2000,80718
13,13 years,2000,81356
14,14 years,2000,84242
15,15 years,2000,87528
16,16 years,2000,88105
17,17 years,2000,88960
18,18 years,2000,89406
19,19 years,2000,89816
20,20 years,2000,91321
21,21 years,2000,95984
22,22 years,2000,95601
23,23 years,2000,95213
24,24 years,2000,94965
25,25 years,2000,93378
26,26 years,2000,92777
27,27 years,2000,88114
28,28 years,2000,83298
29,29 years,2000,78610
30,30 years,2000,76123
31,31 years,2000,74209
32,32 years,2000,70924
33,33 years,2000,71548
34,34 years,2000,74581
35,35 years,2000,76951
36,36 years,2000,79455
37,37 years,2000,78857
38,38 years,2000,75908
39,39 years,2000,78447
40,40 years,2000,79036
41,41 years,2000,77936
42,42 years,2000,81821
43,43 years,2000,84291
44,44 years,2000,85880
45,45 years,2000,85343
46,46 years,2000,83619
47,47 years,2000,82702
48,48 years,2000,82793
49,49 years,2000,81102
50,50 years,2000,77101
51,51 years,2000,70037
52,52 years,2000,68904
53,53 years,2000,65756
54,54 years,2000,56625
55,55 years,2000,51865
56,56 years,2000,53914
57,57 years,2000,50209
58,58 years,2000,49587
59,59 years,2000,48993
60,60 years,2000,48322
61,61 years,2000,45246
62,62 years,2000,43279
63,63 years,2000,41542
64,64 years,2000,40556
65,65 years,2000,41083
66,66 years,2000,40009
67,67 years,2000,39738
68,68 years,2000,41157
69,69 years,2000,39884
70,70 years,2000,38779
71,71 years,2000,36842
72,72 years,2000,35218
73,73 years,2000,33211
74,74 years,2000,32204
75,75 years,2000,29773
76,76 years,2000,28733
77,77 years,2000,28514
78,78 years,2000,26240
79,79 years,2000,24004
80,80 years,2000,18566
81,81 years,2000,16420
82,82 years,2000,6953
83,83 years,2000,6432
84,84 years,2000,6093
85,85 years,2000,7201
86,86 years,2000,9041
87,87 years,2000,7313
88,88 years,2000,6149
89,89 years,2000,4439
90,90 years,2000,3687
91,91 years,2000,3040
92,92 years,2000,2199
93,93 years,2000,1563
94,94 years,2000,1246
95,95 years,2000,917
96,96 years,2000,740
97,97 years,2000,582
98,98 years,2000,485
99,99 years,2000,379
100,100 years,2000,0
101,101 years,2000,0
102,102 years,2000,0
103,103 years,2000,0
104,104 years,2000,0
105,105 years,2000,0
106,106 years,2000,0
107,107 years,2000,0
108,108 years,2000,0
109,109 years,2000,0
0,Zero years,2001,50861
1,1 year,2001,53924
2,2 years,2001,55632
3,3 years,2001,56386
4,4 years,2001,57845
5,5 years,2001,59967
6,6 years,2001,61038
7,7 years,2001,65833
8,8 years,2001,72234
9,9 years,2001,73797
10,10 years,2001,77316
11,11 years,2001,78778
12,12 years,2001,79019
13,13 years,2001,81940
14,14 years,2001,82400
15,15 years,2001,86016
16,16 years,2001,88661
17,17 years,2001,88771
18,18 years,2001,89251
19,19 years,2001,90582
20,20 years,2001,90787
21,21 years,2001,92154
22,22 years,2001,96113
23,23 years,2001,95152
24,24 years,2001,94433
25,25 years,2001,94647
26,26 years,2001,92123
27,27 years,2001,91704
28,28 years,2001,86938
29,29 years,2001,82191
30,30 years,2001,77077
31,31 years,2001,74586
32,32 years,2001,73352
33,33 years,2001,69899
34,34 years,2001,70647
35,35 years,2001,73999
36,36 years,2001,76239
37,37 years,2001,78691
38,38 years,2001,77804
39,39 years,2001,75292
40,40 years,2001,77801
41,41 years,2001,78142
42,42 years,2001,77278
43,43 years,2001,80762
44,44 years,2001,83325
45,45 years,2001,85331
46,46 years,2001,84431
47,47 years,2001,82627
48,48 years,2001,81353
49,49 years,2001,81928
50,50 years,2001,80100
51,51 years,2001,75973
52,52 years,2001,69380
53,53 years,2001,67985
54,54 years,2001,64896
55,55 years,2001,56011
56,56 years,2001,51434
57,57 years,2001,53426
58,58 years,2001,49332
59,59 years,2001,48934
60,60 years,2001,48224
61,61 years,2001,47206
62,62 years,2001,44178
63,63 years,2001,42016
64,64 years,2001,40114
65,65 years,2001,39476
66,66 years,2001,39646
67,67 years,2001,38711
68,68 years,2001,38331
69,69 years,2001,39607
70,70 years,2001,38202
71,71 years,2001,36880
72,72 years,2001,35033
73,73 years,2001,33291
74,74 years,2001,31360
75,75 years,2001,30288
76,76 years,2001,27840
77,77 years,2001,26760
78,78 years,2001,26273
79,79 years,2001,24199
80,80 years,2001,21807
81,81 years,2001,16703
82,82 years,2001,14613
83,83 years,2001,6009
84,84 years,2001,5506
85,85 years,2001,5236
86,86 years,2001,6056
87,87 years,2001,7413
88,88 years,2001,5813
89,89 years,2001,4867
90,90 years,2001,3518
91,91 years,2001,2754
92,92 years,2001,2076
93,93 years,2001,1418
94,94 years,2001,947
95,95 years,2001,632
96,96 years,2001,504
97,97 years,2001,326
98,98 years,2001,188
99,99 years,2001,153
100,100 years,2001,249
101,101 years,2001,0
102,102 years,2001,0
103,103 years,2001,0
104,104 years,2001,0
105,105 years,2001,0
106,106 years,2001,0
107,107 years,2001,0
108,108 years,2001,0
109,109 years,2001,0
0,Zero years,2002,50519
1,1 year,2002,50805
2,2 years,2002,53919
3,3 years,2002,55635
4,4 years,2002,56395
5,5 years,2002,57858
6,6 years,2002,59961
7,7 years,2002,61035
8,8 years,2002,65821
9,9 years,2002,72213
10,10 years,2002,73778
11,11 years,2002,77319
12,12 years,2002,78780
13,13 years,2002,79016
14,14 years,2002,81937
15,15 years,2002,82390
16,16 years,2002,86003
17,17 years,2002,88622
18,18 years,2002,88726
19,19 years,2002,89202
20,20 years,2002,90531
21,21 years,2002,90750
22,22 years,2002,92068
23,23 years,2002,96023
24,24 years,2002,95042
25,25 years,2002,94358
26,26 years,2002,94553
27,27 years,2002,92052
28,28 years,2002,91617
29,29 years,2002,86864
30,30 years,2002,82131
31,31 years,2002,77009
32,32 years,2002,74552
33,33 years,2002,73305
34,34 years,2002,69837
35,35 years,2002,70566
36,36 years,2002,73941
37,37 years,2002,76186
38,38 years,2002,78586
39,39 years,2002,77686
40,40 years,2002,75166
41,41 years,2002,77622
42,42 years,2002,77931
43,43 years,2002,77093
44,44 years,2002,80522
45,45 years,2002,83013
46,46 years,2002,85032
47,47 years,2002,84083
48,48 years,2002,82211
49,49 years,2002,80906
50,50 years,2002,81418
51,51 years,2002,79597
52,52 years,2002,75435
53,53 years,2002,68849
54,54 years,2002,67414
55,55 years,2002,64318
56,56 years,2002,55421
57,57 years,2002,50888
58,58 years,2002,52830
59,59 years,2002,48736
60,60 years,2002,48250
61,61 years,2002,47514
62,62 years,2002,46449
63,63 years,2002,43421
64,64 years,2002,41226
65,65 years,2002,39250
66,66 years,2002,38563
67,67 years,2002,38674
68,68 years,2002,37704
69,69 years,2002,37220
70,70 years,2002,38427
71,71 years,2002,36926
72,72 years,2002,35480
73,73 years,2002,33604
74,74 years,2002,31754
75,75 years,2002,29860
76,76 years,2002,28654
77,77 years,2002,26215
78,78 years,2002,24985
79,79 years,2002,24368
80,80 years,2002,22234
81,81 years,2002,19899
82,82 years,2002,15049
83,83 years,2002,13051
84,84 years,2002,5323
85,85 years,2002,4847
86,86 years,2002,4477
87,87 years,2002,5152
88,88 years,2002,6105
89,89 years,2002,4756
90,90 years,2002,3940
91,91 years,2002,2756
92,92 years,2002,2157
93,93 years,2002,1597
94,94 years,2002,1055
95,95 years,2002,654
96,96 years,2002,448
97,97 years,2002,363
98,98 years,2002,228
99,99 years,2002,123
100,100 years,2002,327
101,101 years,2002,0
102,102 years,2002,0
103,103 years,2002,0
104,104 years,2002,0
105,105 years,2002,0
106,106 years,2002,0
107,107 years,2002,0
108,108 years,2002,0
109,109 years,2002,0
0,Zero years,2003,51384
1,1 year,2003,50459
2,2 years,2003,50804
3,3 years,2003,53905
4,4 years,2003,55651
5,5 years,2003,56403
6,6 years,2003,57863
7,7 years,2003,59970
8,8 years,2003,61047
9,9 years,2003,65840
10,10 years,2003,72221
11,11 years,2003,73788
12,12 years,2003,77324
13,13 years,2003,78783
14,14 years,2003,79014
15,15 years,2003,81947
16,16 years,2003,82385
17,17 years,2003,85994
18,18 years,2003,88596
19,19 years,2003,88681
20,20 years,2003,89154
21,21 years,2003,90461
22,22 years,2003,90701
23,23 years,2003,92030
24,24 years,2003,95951
25,25 years,2003,94984
26,26 years,2003,94292
27,27 years,2003,94495
28,28 years,2003,91969
29,29 years,2003,91574
30,30 years,2003,86819
31,31 years,2003,82079
32,32 years,2003,76980
33,33 years,2003,74524
34,34 years,2003,73278
35,35 years,2003,69788
36,36 years,2003,70503
37,37 years,2003,73890
38,38 years,2003,76078
39,39 years,2003,78462
40,40 years,2003,77556
41,41 years,2003,75028
42,42 years,2003,77424
43,43 years,2003,77739
44,44 years,2003,76862
45,45 years,2003,80223
46,46 years,2003,82662
47,47 years,2003,84708
48,48 years,2003,83680
49,49 years,2003,81767
50,50 years,2003,80436
51,51 years,2003,80906
52,52 years,2003,79040
53,53 years,2003,74860
54,54 years,2003,68297
55,55 years,2003,66821
56,56 years,2003,63695
57,57 years,2003,54778
58,58 years,2003,50360
59,59 years,2003,52160
60,60 years,2003,48059
61,61 years,2003,47549
62,62 years,2003,46747
63,63 years,2003,45658
64,64 years,2003,42655
65,65 years,2003,40379
66,66 years,2003,38379
67,67 years,2003,37641
68,68 years,2003,37644
69,69 years,2003,36603
70,70 years,2003,36040
71,71 years,2003,37138
72,72 years,2003,35541
73,73 years,2003,34055
74,74 years,2003,32148
75,75 years,2003,30178
76,76 years,2003,28326
77,77 years,2003,26909
78,78 years,2003,24401
79,79 years,2003,23280
80,80 years,2003,22374
81,81 years,2003,20256
82,82 years,2003,18044
83,83 years,2003,13454
84,84 years,2003,11468
85,85 years,2003,4626
86,86 years,2003,4170
87,87 years,2003,3788
88,88 years,2003,4302
89,89 years,2003,5012
90,90 years,2003,3788
91,91 years,2003,3089
92,92 years,2003,2134
93,93 years,2003,1620
94,94 years,2003,1177
95,95 years,2003,744
96,96 years,2003,479
97,97 years,2003,329
98,98 years,2003,259
99,99 years,2003,170
100,100 years,2003,367
101,101 years,2003,0
102,102 years,2003,0
103,103 years,2003,0
104,104 years,2003,0
105,105 years,2003,0
106,106 years,2003,0
107,107 years,2003,0
108,108 years,2003,0
109,109 years,2003,0
0,Zero years,2004,53451
1,1 year,2004,51355
2,2 years,2004,50458
3,3 years,2004,50803
4,4 years,2004,53914
5,5 years,2004,55642
6,6 years,2004,56400
7,7 years,2004,57878
8,8 years,2004,59968
9,9 years,2004,61057
10,10 years,2004,65833
11,11 years,2004,72229
12,12 years,2004,73798
13,13 years,2004,77335
14,14 years,2004,78794
15,15 years,2004,79012
16,16 years,2004,81936
17,17 years,2004,82384
18,18 years,2004,85982
19,19 years,2004,88575
20,20 years,2004,88659
21,21 years,2004,89127
22,22 years,2004,90463
23,23 years,2004,90689
24,24 years,2004,91999
25,25 years,2004,95932
26,26 years,2004,94949
27,27 years,2004,94284
28,28 years,2004,94475
29,29 years,2004,91938
30,30 years,2004,91589
31,31 years,2004,86816
32,32 years,2004,82087
33,33 years,2004,76974
34,34 years,2004,74534
35,35 years,2004,73276
36,36 years,2004,69743
37,37 years,2004,70445
38,38 years,2004,73846
39,39 years,2004,76007
40,40 years,2004,78372
41,41 years,2004,77452
42,42 years,2004,74916
43,43 years,2004,77283
44,44 years,2004,77564
45,45 years,2004,76644
46,46 years,2004,79938
47,47 years,2004,82336
48,48 years,2004,84353
49,49 years,2004,83304
50,50 years,2004,81358
51,51 years,2004,79929
52,52 years,2004,80430
53,53 years,2004,78512
54,54 years,2004,74269
55,55 years,2004,67730
56,56 years,2004,66275
57,57 years,2004,63060
58,58 years,2004,54208
59,59 years,2004,49718
60,60 years,2004,51465
61,61 years,2004,47440
62,62 years,2004,46847
63,63 years,2004,45990
64,64 years,2004,44844
65,65 years,2004,41811
66,66 years,2004,39531
67,67 years,2004,37523
68,68 years,2004,36673
69,69 years,2004,36593
70,70 years,2004,35447
71,71 years,2004,34857
72,72 years,2004,35795
73,73 years,2004,34134
74,74 years,2004,32532
75,75 years,2004,30567
76,76 years,2004,28618
77,77 years,2004,26681
78,78 years,2004,25129
79,79 years,2004,22609
80,80 years,2004,21425
81,81 years,2004,20426
82,82 years,2004,18376
83,83 years,2004,16138
84,84 years,2004,11861
85,85 years,2004,10013
86,86 years,2004,3998
87,87 years,2004,3560
88,88 years,2004,3203
89,89 years,2004,3528
90,90 years,2004,4034
91,91 years,2004,2985
92,92 years,2004,2407
93,93 years,2004,1638
94,94 years,2004,1234
95,95 years,2004,870
96,96 years,2004,544
97,97 years,2004,325
98,98 years,2004,238
99,99 years,2004,195
100,100 years,2004,451
101,101 years,2004,0
102,102 years,2004,0
103,103 years,2004,0
104,104 years,2004,0
105,105 years,2004,0
106,106 years,2004,0
107,107 years,2004,0
108,108 years,2004,0
109,109 years,2004,0
0,Zero years,2005,54110
1,1 year,2005,53386
2,2 years,2005,51353
3,3 years,2005,50472
4,4 years,2005,50822
5,5 years,2005,53936
6,6 years,2005,55644
7,7 years,2005,56407
8,8 years,2005,57896
9,9 years,2005,59970
10,10 years,2005,61073
11,11 years,2005,65842
12,12 years,2005,72246
13,13 years,2005,73805
14,14 years,2005,77346
15,15 years,2005,78796
16,16 years,2005,79030
17,17 years,2005,81918
18,18 years,2005,82386
19,19 years,2005,85976
20,20 years,2005,88569
21,21 years,2005,88661
22,22 years,2005,89130
23,23 years,2005,90489
24,24 years,2005,90680
25,25 years,2005,91991
26,26 years,2005,95965
27,27 years,2005,94941
28,28 years,2005,94297
29,29 years,2005,94446
30,30 years,2005,91933
31,31 years,2005,91566
32,32 years,2005,86795
33,33 years,2005,82089
34,34 years,2005,76957
35,35 years,2005,74538
36,36 years,2005,73253
37,37 years,2005,69733
38,38 years,2005,70407
39,39 years,2005,73803
40,40 years,2005,75926
41,41 years,2005,78276
42,42 years,2005,77358
43,43 years,2005,74805
44,44 years,2005,77136
45,45 years,2005,77346
46,46 years,2005,76386
47,47 years,2005,79638
48,48 years,2005,81977
49,49 years,2005,83953
50,50 years,2005,82886
51,51 years,2005,80918
52,52 years,2005,79418
53,53 years,2005,79844
54,54 years,2005,77907
55,55 years,2005,73645
56,56 years,2005,67113
57,57 years,2005,65603
58,58 years,2005,62370
59,59 years,2005,53583
60,60 years,2005,49068
61,61 years,2005,50729
62,62 years,2005,46727
63,63 years,2005,46121
64,64 years,2005,45152
65,65 years,2005,43979
66,66 years,2005,40955
67,67 years,2005,38587
68,68 years,2005,36600
69,69 years,2005,35666
70,70 years,2005,35469
71,71 years,2005,34313
72,72 years,2005,33618
73,73 years,2005,34368
74,74 years,2005,32651
75,75 years,2005,30976
76,76 years,2005,28958
77,77 years,2005,26983
78,78 years,2005,24966
79,79 years,2005,23355
80,80 years,2005,20789
81,81 years,2005,19467
82,82 years,2005,18401
83,83 years,2005,16447
84,84 years,2005,14152
85,85 years,2005,10308
86,86 years,2005,8549
87,87 years,2005,3332
88,88 years,2005,2975
89,89 years,2005,2606
90,90 years,2005,2814
91,91 years,2005,3167
92,92 years,2005,2260
93,93 years,2005,1807
94,94 years,2005,1238
95,95 years,2005,912
96,96 years,2005,629
97,97 years,2005,394
98,98 years,2005,236
99,99 years,2005,171
100,100 years,2005,540
101,101 years,2005,0
102,102 years,2005,0
103,103 years,2005,0
104,104 years,2005,0
105,105 years,2005,0
106,106 years,2005,0
107,107 years,2005,0
108,108 years,2005,0
109,109 years,2005,0
0,Zero years,2006,53637
1,1 year,2006,54086
2,2 years,2006,53383
3,3 years,2006,51370
4,4 years,2006,50469
5,5 years,2006,50830
6,6 years,2006,53939
7,7 years,2006,55631
8,8 years,2006,56413
9,9 years,2006,57901
10,10 years,2006,59972
11,11 years,2006,61075
12,12 years,2006,65841
13,13 years,2006,72256
14,14 years,2006,73819
15,15 years,2006,77343
16,16 years,2006,78799
17,17 years,2006,79025
18,18 years,2006,81919
19,19 years,2006,82387
20,20 years,2006,85989
21,21 years,2006,88616
22,22 years,2006,88707
23,23 years,2006,89172
24,24 years,2006,90548
25,25 years,2006,90712
26,26 years,2006,92052
27,27 years,2006,95967
28,28 years,2006,94938
29,29 years,2006,94332
30,30 years,2006,94467
31,31 years,2006,91958
32,32 years,2006,91597
33,33 years,2006,86794
34,34 years,2006,82085
35,35 years,2006,76961
36,36 years,2006,74562
37,37 years,2006,73212
38,38 years,2006,69714
39,39 years,2006,70367
40,40 years,2006,73744
41,41 years,2006,75822
42,42 years,2006,78186
43,43 years,2006,77245
44,44 years,2006,74636
45,45 years,2006,76976
46,46 years,2006,77127
47,47 years,2006,76099
48,48 years,2006,79309
49,49 years,2006,81565
50,50 years,2006,83571
51,51 years,2006,82420
52,52 years,2006,80381
53,53 years,2006,78876
54,54 years,2006,79233
55,55 years,2006,77253
56,56 years,2006,72995
57,57 years,2006,66480
58,58 years,2006,64912
59,59 years,2006,61647
60,60 years,2006,52907
61,61 years,2006,48411
62,62 years,2006,49987
63,63 years,2006,46027
64,64 years,2006,45344
65,65 years,2006,44293
66,66 years,2006,43073
67,67 years,2006,40010
68,68 years,2006,37593
69,69 years,2006,35628
70,70 years,2006,34655
71,71 years,2006,34279
72,72 years,2006,33097
73,73 years,2006,32291
74,74 years,2006,32889
75,75 years,2006,31026
76,76 years,2006,29365
77,77 years,2006,27333
78,78 years,2006,25206
79,79 years,2006,23206
80,80 years,2006,21537
81,81 years,2006,19016
82,82 years,2006,17630
83,83 years,2006,16396
84,84 years,2006,14570
85,85 years,2006,12382
86,86 years,2006,8823
87,87 years,2006,7201
88,88 years,2006,2755
89,89 years,2006,2434
90,90 years,2006,2103
91,91 years,2006,2231
92,92 years,2006,2464
93,93 years,2006,1709
94,94 years,2006,1340
95,95 years,2006,928
96,96 years,2006,652
97,97 years,2006,459
98,98 years,2006,289
99,99 years,2006,167
100,100 years,2006,609
101,101 years,2006,0
102,102 years,2006,0
103,103 years,2006,0
104,104 years,2006,0
105,105 years,2006,0
106,106 years,2006,0
107,107 years,2006,0
108,108 years,2006,0
109,109 years,2006,0
0,Zero years,2007,54194
1,1 year,2007,53627
2,2 years,2007,54108
3,3 years,2007,53398
4,4 years,2007,51390
5,5 years,2007,50469
6,6 years,2007,50842
7,7 years,2007,53941
8,8 years,2007,55636
9,9 years,2007,56415
10,10 years,2007,57904
11,11 years,2007,59976
12,12 years,2007,61066
13,13 years,2007,65832
14,14 years,2007,72246
15,15 years,2007,73828
16,16 years,2007,77330
17,17 years,2007,78799
18,18 years,2007,79105
19,19 years,2007,82064
20,20 years,2007,82551
21,21 years,2007,86133
22,22 years,2007,88770
23,23 years,2007,88871
24,24 years,2007,89349
25,25 years,2007,90680
26,26 years,2007,90818
27,27 years,2007,92196
28,28 years,2007,96083
29,29 years,2007,95062
30,30 years,2007,94439
31,31 years,2007,94558
32,32 years,2007,92068
33,33 years,2007,91698
34,34 years,2007,86841
35,35 years,2007,82155
36,36 years,2007,77060
37,37 years,2007,74624
38,38 years,2007,73260
39,39 years,2007,69795
40,40 years,2007,70400
41,41 years,2007,73697
42,42 years,2007,75761
43,43 years,2007,78101
44,44 years,2007,77122
45,45 years,2007,74509
46,46 years,2007,76795
47,47 years,2007,76891
48,48 years,2007,75812
49,49 years,2007,78971
50,50 years,2007,81193
51,51 years,2007,83114
52,52 years,2007,81977
53,53 years,2007,79858
54,54 years,2007,78337
55,55 years,2007,78559
56,56 years,2007,76584
57,57 years,2007,72255
58,58 years,2007,65748
59,59 years,2007,64193
60,60 years,2007,60846
61,61 years,2007,52221
62,62 years,2007,47712
63,63 years,2007,49209
64,64 years,2007,45170
65,65 years,2007,44525
66,66 years,2007,43412
67,67 years,2007,42109
68,68 years,2007,39061
69,69 years,2007,36531
70,70 years,2007,34618
71,71 years,2007,33598
72,72 years,2007,33115
73,73 years,2007,31865
74,74 years,2007,30969
75,75 years,2007,31397
76,76 years,2007,29432
77,77 years,2007,27734
78,78 years,2007,25591
79,79 years,2007,23437
80,80 years,2007,21387
81,81 years,2007,19666
82,82 years,2007,17150
83,83 years,2007,15743
84,84 years,2007,14418
85,85 years,2007,12685
86,86 years,2007,10693
87,87 years,2007,7425
88,88 years,2007,5984
89,89 years,2007,2290
90,90 years,2007,1944
91,91 years,2007,1654
92,92 years,2007,1735
93,93 years,2007,1913
94,94 years,2007,1267
95,95 years,2007,1009
96,96 years,2007,689
97,97 years,2007,484
98,98 years,2007,355
99,99 years,2007,234
100,100 years,2007,663
101,101 years,2007,0
102,102 years,2007,0
103,103 years,2007,0
104,104 years,2007,0
105,105 years,2007,0
106,106 years,2007,0
107,107 years,2007,0
108,108 years,2007,0
109,109 years,2007,0
0,Zero years,2008,57151
1,1 year,2008,54221
2,2 years,2008,53648
3,3 years,2008,54121
4,4 years,2008,53409
5,5 years,2008,51412
6,6 years,2008,50472
7,7 years,2008,50845
8,8 years,2008,53950
9,9 years,2008,55636
10,10 years,2008,56418
11,11 years,2008,57916
12,12 years,2008,59974
13,13 years,2008,61061
14,14 years,2008,65835
15,15 years,2008,72255
16,16 years,2008,73820
17,17 years,2008,77330
18,18 years,2008,78861
19,19 years,2008,79246
20,20 years,2008,82241
21,21 years,2008,82726
22,22 years,2008,86280
23,23 years,2008,88961
24,24 years,2008,89040
25,25 years,2008,89461
26,26 years,2008,90812
27,27 years,2008,90986
28,28 years,2008,92350
29,29 years,2008,96216
30,30 years,2008,95144
31,31 years,2008,94542
32,32 years,2008,94652
33,33 years,2008,92181
34,34 years,2008,91757
35,35 years,2008,86906
36,36 years,2008,82217
37,37 years,2008,77163
38,38 years,2008,74668
39,39 years,2008,73291
40,40 years,2008,69843
41,41 years,2008,70405
42,42 years,2008,73696
43,43 years,2008,75701
44,44 years,2008,78015
45,45 years,2008,77032
46,46 years,2008,74364
47,47 years,2008,76585
48,48 years,2008,76634
49,49 years,2008,75511
50,50 years,2008,78609
51,51 years,2008,80728
52,52 years,2008,82592
53,53 years,2008,81481
54,54 years,2008,79299
55,55 years,2008,77751
56,56 years,2008,77890
57,57 years,2008,75859
58,58 years,2008,71476
59,59 years,2008,64996
60,60 years,2008,63410
61,61 years,2008,60072
62,62 years,2008,51481
63,63 years,2008,46970
64,64 years,2008,48374
65,65 years,2008,44388
66,66 years,2008,43700
67,67 years,2008,42517
68,68 years,2008,41129
69,69 years,2008,38030
70,70 years,2008,35462
71,71 years,2008,33437
72,72 years,2008,32471
73,73 years,2008,31876
74,74 years,2008,30587
75,75 years,2008,29557
76,76 years,2008,29896
77,77 years,2008,27837
78,78 years,2008,26034
79,79 years,2008,23922
80,80 years,2008,21714
81,81 years,2008,19672
82,82 years,2008,17825
83,83 years,2008,15486
84,84 years,2008,13908
85,85 years,2008,12615
86,86 years,2008,10887
87,87 years,2008,9117
88,88 years,2008,6232
89,89 years,2008,4903
90,90 years,2008,1898
91,91 years,2008,1526
92,92 years,2008,1301
93,93 years,2008,1333
94,94 years,2008,1423
95,95 years,2008,962
96,96 years,2008,747
97,97 years,2008,497
98,98 years,2008,363
99,99 years,2008,262
100,100 years,2008,791
101,101 years,2008,0
102,102 years,2008,0
103,103 years,2008,0
104,104 years,2008,0
105,105 years,2008,0
106,106 years,2008,0
107,107 years,2008,0
108,108 years,2008,0
109,109 years,2008,0
0,Zero years,2009,60981
1,1 year,2009,57167
2,2 years,2009,54231
3,3 years,2009,53659
4,4 years,2009,54138
5,5 years,2009,53423
6,6 years,2009,51403
7,7 years,2009,50485
8,8 years,2009,50842
9,9 years,2009,53960
10,10 years,2009,55639
11,11 years,2009,56421
12,12 years,2009,57920
13,13 years,2009,59982
14,14 years,2009,61069
15,15 years,2009,65836
16,16 years,2009,72260
17,17 years,2009,73826
18,18 years,2009,77353
19,19 years,2009,78911
20,20 years,2009,79302
21,21 years,2009,82320
22,22 years,2009,82820
23,23 years,2009,86368
24,24 years,2009,89049
25,25 years,2009,89130
26,26 years,2009,89521
27,27 years,2009,90861
28,28 years,2009,91056
29,29 years,2009,92399
30,30 years,2009,96282
31,31 years,2009,95180
32,32 years,2009,94589
33,33 years,2009,94677
34,34 years,2009,92197
35,35 years,2009,91768
36,36 years,2009,86899
37,37 years,2009,82210
38,38 years,2009,77119
39,39 years,2009,74651
40,40 years,2009,73249
41,41 years,2009,69776
42,42 years,2009,70345
43,43 years,2009,73562
44,44 years,2009,75528
45,45 years,2009,77868
46,46 years,2009,76868
47,47 years,2009,74161
48,48 years,2009,76297
49,49 years,2009,76336
50,50 years,2009,75177
51,51 years,2009,78181
52,52 years,2009,80207
53,53 years,2009,82040
54,54 years,2009,80923
55,55 years,2009,78687
56,56 years,2009,77078
57,57 years,2009,77139
58,58 years,2009,75049
59,59 years,2009,70645
60,60 years,2009,64231
61,61 years,2009,62550
62,62 years,2009,59181
63,63 years,2009,50640
64,64 years,2009,46169
65,65 years,2009,47522
66,66 years,2009,43519
67,67 years,2009,42816
68,68 years,2009,41605
69,69 years,2009,40144
70,70 years,2009,36996
71,71 years,2009,34419
72,72 years,2009,32332
73,73 years,2009,31280
74,74 years,2009,30656
75,75 years,2009,29298
76,76 years,2009,28206
77,77 years,2009,28311
78,78 years,2009,26242
79,79 years,2009,24347
80,80 years,2009,22219
81,81 years,2009,20001
82,82 years,2009,17895
83,83 years,2009,15969
84,84 years,2009,13722
85,85 years,2009,12163
86,86 years,2009,10928
87,87 years,2009,9289
88,88 years,2009,7621
89,89 years,2009,5113
90,90 years,2009,3901
91,91 years,2009,1493
92,92 years,2009,1186
93,93 years,2009,960
94,94 years,2009,1022
95,95 years,2009,1059
96,96 years,2009,723
97,97 years,2009,572
98,98 years,2009,382
99,99 years,2009,286
100,100 years,2009,937
101,101 years,2009,0
102,102 years,2009,0
103,103 years,2009,0
104,104 years,2009,0
105,105 years,2009,0
106,106 years,2009,0
107,107 years,2009,0
108,108 years,2009,0
109,109 years,2009,0
0,Zero years,2010,60164
1,1 year,2010,60952
2,2 years,2010,57189
3,3 years,2010,54270
4,4 years,2010,53663
5,5 years,2010,54149
6,6 years,2010,53432
7,7 years,2010,51403
8,8 years,2010,50483
9,9 years,2010,50835
10,10 years,2010,53962
11,11 years,2010,55638
12,12 years,2010,56430
13,13 years,2010,57911
14,14 years,2010,59976
15,15 years,2010,61045
16,16 years,2010,65836
17,17 years,2010,72262
18,18 years,2010,73852
19,19 years,2010,77385
20,20 years,2010,78938
21,21 years,2010,79334
22,22 years,2010,82355
23,23 years,2010,82876
24,24 years,2010,86424
25,25 years,2010,89092
26,26 years,2010,89214
27,27 years,2010,89589
28,28 years,2010,90888
29,29 years,2010,91069
30,30 years,2010,92412
31,31 years,2010,96315
32,32 years,2010,95206
33,33 years,2010,94580
34,34 years,2010,94685
35,35 years,2010,92155
36,36 years,2010,91777
37,37 years,2010,86847
38,38 years,2010,82196
39,39 years,2010,77086
40,40 years,2010,74610
41,41 years,2010,73176
42,42 years,2010,69703
43,43 years,2010,70274
44,44 years,2010,73410
45,45 years,2010,75339
46,46 years,2010,77674
47,47 years,2010,76668
48,48 years,2010,73892
49,49 years,2010,76010
50,50 years,2010,75974
51,51 years,2010,74823
52,52 years,2010,77724
53,53 years,2010,79665
54,54 years,2010,81461
55,55 years,2010,80302
56,56 years,2010,78042
57,57 years,2010,76383
58,58 years,2010,76472
59,59 years,2010,74234
60,60 years,2010,69776
61,61 years,2010,63382
62,62 years,2010,61637
63,63 years,2010,58241
64,64 years,2010,49802
65,65 years,2010,45370
66,66 years,2010,46566
67,67 years,2010,42608
68,68 years,2010,41889
69,69 years,2010,40588
70,70 years,2010,39152
71,71 years,2010,35881
72,72 years,2010,33298
73,73 years,2010,31154
74,74 years,2010,30143
75,75 years,2010,29342
76,76 years,2010,27865
77,77 years,2010,26705
78,78 years,2010,26637
79,79 years,2010,24558
80,80 years,2010,22558
81,81 years,2010,20294
82,82 years,2010,18167
83,83 years,2010,16101
84,84 years,2010,14107
85,85 years,2010,11977
86,86 years,2010,10479
87,87 years,2010,9360
88,88 years,2010,7710
89,89 years,2010,6267
90,90 years,2010,4089
91,91 years,2010,3067
92,92 years,2010,1164
93,93 years,2010,904
94,94 years,2010,740
95,95 years,2010,776
96,96 years,2010,782
97,97 years,2010,560
98,98 years,2010,464
99,99 years,2010,312
100,100 years,2010,1090
101,101 years,2010,0
102,102 years,2010,0
103,103 years,2010,0
104,104 years,2010,0
105,105 years,2010,0
106,106 years,2010,0
107,107 years,2010,0
108,108 years,2010,0
109,109 years,2010,0
0,Zero years,2011,60598
1,1 year,2011,57712
2,2 years,2011,59722
3,3 years,2011,57077
4,4 years,2011,54439
5,5 years,2011,54008
6,6 years,2011,54527
7,7 years,2011,54020
8,8 years,2011,51694
9,9 years,2011,50915
10,10 years,2011,51547
11,11 years,2011,55037
12,12 years,2011,55943
13,13 years,2011,56763
14,14 years,2011,58570
15,15 years,2011,59618
16,16 years,2011,60945
17,17 years,2011,65684
18,18 years,2011,72237
19,19 years,2011,73411
20,20 years,2011,76873
21,21 years,2011,78299
22,22 years,2011,78366
23,23 years,2011,80907
24,24 years,2011,81759
25,25 years,2011,84175
26,26 years,2011,87339
27,27 years,2011,87476
28,28 years,2011,87808
29,29 years,2011,88266
30,30 years,2011,88282
31,31 years,2011,89607
32,32 years,2011,93930
33,33 years,2011,93099
34,34 years,2011,92698
35,35 years,2011,92212
36,36 years,2011,90165
37,37 years,2011,90133
38,38 years,2011,85249
39,39 years,2011,80361
40,40 years,2011,75743
41,41 years,2011,73460
42,42 years,2011,72297
43,43 years,2011,68808
44,44 years,2011,69414
45,45 years,2011,71993
46,46 years,2011,74262
47,47 years,2011,76806
48,48 years,2011,75727
49,49 years,2011,72787
50,50 years,2011,75085
51,51 years,2011,74962
52,52 years,2011,73918
53,53 years,2011,76891
54,54 years,2011,78904
55,55 years,2011,80184
56,56 years,2011,79378
57,57 years,2011,77168
58,58 years,2011,75730
59,59 years,2011,75438
60,60 years,2011,73358
61,61 years,2011,69052
62,62 years,2011,62615
63,63 years,2011,60743
64,64 years,2011,57466
65,65 years,2011,48661
66,66 years,2011,44506
67,67 years,2011,45690
68,68 years,2011,41974
69,69 years,2011,40943
70,70 years,2011,39894
71,71 years,2011,38419
72,72 years,2011,35173
73,73 years,2011,32604
74,74 years,2011,30609
75,75 years,2011,28995
76,76 years,2011,28382
77,77 years,2011,26885
78,78 years,2011,25571
79,79 years,2011,25274
80,80 years,2011,23243
81,81 years,2011,21213
82,82 years,2011,18870
83,83 years,2011,16668
84,84 years,2011,14667
85,85 years,2011,12700
86,86 years,2011,10621
87,87 years,2011,9218
88,88 years,2011,8186
89,89 years,2011,6484
90,90 years,2011,5107
91,91 years,2011,3324
92,92 years,2011,2541
93,93 years,2011,953
94,94 years,2011,764
95,95 years,2011,585
96,96 years,2011,552
97,97 years,2011,476
98,98 years,2011,330
99,99 years,2011,259
100,100 years,2011,152
101,101 years,2011,60
102,102 years,2011,36
103,103 years,2011,27
104,104 years,2011,14
105,105 years,2011,6
106,106 years,2011,9
107,107 years,2011,8
108,108 years,2011,4
109,109 years,2011,2
0,Zero years,2012,55828
1,1 year,2012,61091
2,2 years,2012,57903
3,3 years,2012,59805
4,4 years,2012,57141
5,5 years,2012,54464
6,6 years,2012,54015
7,7 years,2012,54516
8,8 years,2012,54003
9,9 years,2012,51673
10,10 years,2012,50889
11,11 years,2012,51540
12,12 years,2012,55028
13,13 years,2012,55925
14,14 years,2012,56755
15,15 years,2012,58546
16,16 years,2012,59596
17,17 years,2012,60930
18,18 years,2012,65680
19,19 years,2012,72240
20,20 years,2012,73419
21,21 years,2012,76875
22,22 years,2012,78320
23,23 years,2012,78382
24,24 years,2012,80929
25,25 years,2012,81756
26,26 years,2012,84172
27,27 years,2012,87324
28,28 years,2012,87456
29,29 years,2012,87785
30,30 years,2012,88252
31,31 years,2012,88223
32,32 years,2012,89574
33,33 years,2012,93876
34,34 years,2012,93036
35,35 years,2012,92651
36,36 years,2012,92136
37,37 years,2012,90106
38,38 years,2012,90066
39,39 years,2012,85142
40,40 years,2012,80281
41,41 years,2012,75660
42,42 years,2012,73379
43,43 years,2012,72190
44,44 years,2012,68720
45,45 years,2012,69276
46,46 years,2012,71798
47,47 years,2012,74048
48,48 years,2012,76545
49,49 years,2012,75448
50,50 years,2012,72467
51,51 years,2012,74752
52,52 years,2012,74547
53,53 years,2012,73496
54,54 years,2012,76354
55,55 years,2012,78344
56,56 years,2012,79543
57,57 years,2012,78690
58,58 years,2012,76491
59,59 years,2012,74975
60,60 years,2012,74543
61,61 years,2012,72481
62,62 years,2012,68110
63,63 years,2012,61711
64,64 years,2012,59717
65,65 years,2012,56478
66,66 years,2012,47794
67,67 years,2012,43671
68,68 years,2012,44727
69,69 years,2012,41007
70,70 years,2012,39943
71,71 years,2012,38840
72,72 years,2012,37350
73,73 years,2012,34049
74,74 years,2012,31485
75,75 years,2012,29375
76,76 years,2012,27732
77,77 years,2012,26999
78,78 years,2012,25437
79,79 years,2012,24090
80,80 years,2012,23622
81,81 years,2012,21514
82,82 years,2012,19435
83,83 years,2012,17057
84,84 years,2012,14865
85,85 years,2012,12950
86,86 years,2012,11070
87,87 years,2012,9021
88,88 years,2012,7832
89,89 years,2012,6779
90,90 years,2012,5310
91,91 years,2012,4075
92,92 years,2012,2580
93,93 years,2012,1964
94,94 years,2012,723
95,95 years,2012,576
96,96 years,2012,450
97,97 years,2012,398
98,98 years,2012,341
99,99 years,2012,239
100,100 years,2012,193
101,101 years,2012,119
102,102 years,2012,44
103,103 years,2012,26
104,104 years,2012,21
105,105 years,2012,11
106,106 years,2012,5
107,107 years,2012,8
108,108 years,2012,7
109,109 years,2012,4
0,Zero years,2013,55175
1,1 year,2013,56389
2,2 years,2013,61242
3,3 years,2013,58025
4,4 years,2013,59825
5,5 years,2013,57122
6,6 years,2013,54485
7,7 years,2013,53958
8,8 years,2013,54528
9,9 years,2013,54024
10,10 years,2013,51681
11,11 years,2013,50879
12,12 years,2013,51567
13,13 years,2013,55048
14,14 years,2013,55977
15,15 years,2013,56848
16,16 years,2013,58573
17,17 years,2013,59702
18,18 years,2013,60988
19,19 years,2013,65797
20,20 years,2013,72344
21,21 years,2013,73547
22,22 years,2013,77030
23,23 years,2013,78465
24,24 years,2013,78459
25,25 years,2013,80948
26,26 years,2013,81765
27,27 years,2013,84055
28,28 years,2013,87131
29,29 years,2013,87188
30,30 years,2013,87522
31,31 years,2013,87840
32,32 years,2013,88031
33,33 years,2013,89088
34,34 years,2013,93440
35,35 years,2013,92699
36,36 years,2013,92268
37,37 years,2013,91915
38,38 years,2013,89887
39,39 years,2013,89835
40,40 years,2013,85091
41,41 years,2013,80147
42,42 years,2013,75596
43,43 years,2013,73316
44,44 years,2013,72044
45,45 years,2013,68577
46,46 years,2013,69169
47,47 years,2013,71575
48,48 years,2013,73770
49,49 years,2013,76265
50,50 years,2013,75172
51,51 years,2013,72087
52,52 years,2013,74365
53,53 years,2013,74153
54,54 years,2013,72972
55,55 years,2013,75835
56,56 years,2013,77730
57,57 years,2013,78881
58,58 years,2013,77954
59,59 years,2013,75708
60,60 years,2013,74099
61,61 years,2013,73578
62,62 years,2013,71516
63,63 years,2013,67128
64,64 years,2013,60795
65,65 years,2013,58765
66,66 years,2013,55506
67,67 years,2013,46927
68,68 years,2013,42800
69,69 years,2013,43765
70,70 years,2013,40058
71,71 years,2013,38875
72,72 years,2013,37766
73,73 years,2013,36204
74,74 years,2013,32841
75,75 years,2013,30315
76,76 years,2013,28148
77,77 years,2013,26564
78,78 years,2013,25714
79,79 years,2013,23960
80,80 years,2013,22588
81,81 years,2013,21948
82,82 years,2013,19722
83,83 years,2013,17741
84,84 years,2013,15346
85,85 years,2013,13212
86,86 years,2013,11308
87,87 years,2013,9623
88,88 years,2013,7784
89,89 years,2013,6658
90,90 years,2013,5539
91,91 years,2013,4310
92,92 years,2013,3225
93,93 years,2013,2008
94,94 years,2013,1497
95,95 years,2013,561
96,96 years,2013,446
97,97 years,2013,338
98,98 years,2013,300
99,99 years,2013,243
100,100 years,2013,184
101,101 years,2013,161
102,102 years,2013,99
103,103 years,2013,31
104,104 years,2013,16
105,105 years,2013,13
106,106 years,2013,6
107,107 years,2013,5
108,108 years,2013,6
109,109 years,2013,4
0,Zero years,2014,55513
1,1 year,2014,55747
2,2 years,2014,56576
3,3 years,2014,61365
4,4 years,2014,58073
5,5 years,2014,59854
6,6 years,2014,57082
7,7 years,2014,54460
8,8 years,2014,53935
9,9 years,2014,54502
10,10 years,2014,53991
11,11 years,2014,51656
12,12 years,2014,50857
13,13 years,2014,51541
14,14 years,2014,55029
15,15 years,2014,55938
16,16 years,2014,56824
17,17 years,2014,58552
18,18 years,2014,59685
19,19 years,2014,60991
20,20 years,2014,65799
21,21 years,2014,72349
22,22 years,2014,73557
23,23 years,2014,77053
24,24 years,2014,78487
25,25 years,2014,78465
26,26 years,2014,80927
27,27 years,2014,81737
28,28 years,2014,84035
29,29 years,2014,87020
30,30 years,2014,87082
31,31 years,2014,87415
32,32 years,2014,87714
33,33 years,2014,87894
34,34 years,2014,88894
35,35 years,2014,93282
36,36 years,2014,92524
37,37 years,2014,92059
38,38 years,2014,91738
39,39 years,2014,89712
40,40 years,2014,89625
41,41 years,2014,84930
42,42 years,2014,79980
43,43 years,2014,75439
44,44 years,2014,73152
45,45 years,2014,71882
46,46 years,2014,68362
47,47 years,2014,68962
48,48 years,2014,71346
49,49 years,2014,73487
50,50 years,2014,75940
51,51 years,2014,74781
52,52 years,2014,71731
53,53 years,2014,73970
54,54 years,2014,73693
55,55 years,2014,72474
56,56 years,2014,75225
57,57 years,2014,77006
58,58 years,2014,78123
59,59 years,2014,77191
60,60 years,2014,74869
61,61 years,2014,73183
62,62 years,2014,72577
63,63 years,2014,70495
64,64 years,2014,66133
65,65 years,2014,59818
66,66 years,2014,57789
67,67 years,2014,54444
68,68 years,2014,46022
69,69 years,2014,41885
70,70 years,2014,42710
71,71 years,2014,39039
72,72 years,2014,37849
73,73 years,2014,36668
74,74 years,2014,35051
75,75 years,2014,31615
76,76 years,2014,29072
77,77 years,2014,26863
78,78 years,2014,25257
79,79 years,2014,24338
80,80 years,2014,22429
81,81 years,2014,21032
82,82 years,2014,20169
83,83 years,2014,18049
84,84 years,2014,16047
85,85 years,2014,13824
86,86 years,2014,11627
87,87 years,2014,9827
88,88 years,2014,8185
89,89 years,2014,6608
90,90 years,2014,5506
91,91 years,2014,4475
92,92 years,2014,3477
93,93 years,2014,2532
94,94 years,2014,1545
95,95 years,2014,1155
96,96 years,2014,449
97,97 years,2014,350
98,98 years,2014,287
99,99 years,2014,245
100,100 years,2014,186
101,101 years,2014,151
102,102 years,2014,136
103,103 years,2014,94
104,104 years,2014,26
105,105 years,2014,11
106,106 years,2014,11
107,107 years,2014,6
108,108 years,2014,4
109,109 years,2014,6
0,Zero years,2015,56110
1,1 year,2015,56119
2,2 years,2015,55942
3,3 years,2015,56678
4,4 years,2015,61426
5,5 years,2015,58113
6,6 years,2015,59818
7,7 years,2015,57040
8,8 years,2015,54444
9,9 years,2015,53922
10,10 years,2015,54471
11,11 years,2015,53965
12,12 years,2015,51634
13,13 years,2015,50821
14,14 years,2015,51540
15,15 years,2015,54989
16,16 years,2015,55918
17,17 years,2015,56806
18,18 years,2015,58544
19,19 years,2015,59712
20,20 years,2015,61026
21,21 years,2015,65825
22,22 years,2015,72393
23,23 years,2015,73599
24,24 years,2015,77122
25,25 years,2015,78506
26,26 years,2015,78488
27,27 years,2015,80962
28,28 years,2015,81752
29,29 years,2015,84009
30,30 years,2015,86971
31,31 years,2015,86993
32,32 years,2015,87328
33,33 years,2015,87653
34,34 years,2015,87803
35,35 years,2015,88730
36,36 years,2015,93138
37,37 years,2015,92360
38,38 years,2015,91933
39,39 years,2015,91612
40,40 years,2015,89546
41,41 years,2015,89455
42,42 years,2015,84768
43,43 years,2015,79854
44,44 years,2015,75280
45,45 years,2015,72973
46,46 years,2015,71668
47,47 years,2015,68168
48,48 years,2015,68752
49,49 years,2015,71099
50,50 years,2015,73193
51,51 years,2015,75623
52,52 years,2015,74404
53,53 years,2015,71288
54,54 years,2015,73464
55,55 years,2015,73173
56,56 years,2015,71883
57,57 years,2015,74537
58,58 years,2015,76332
59,59 years,2015,77349
60,60 years,2015,76333
61,61 years,2015,73934
62,62 years,2015,72212
63,63 years,2015,71480
64,64 years,2015,69333
65,65 years,2015,65047
66,66 years,2015,58814
67,67 years,2015,56708
68,68 years,2015,53311
69,69 years,2015,44953
70,70 years,2015,40979
71,71 years,2015,41591
72,72 years,2015,37998
73,73 years,2015,36731
74,74 years,2015,35465
75,75 years,2015,33796
76,76 years,2015,30362
77,77 years,2015,27744
78,78 years,2015,25543
79,79 years,2015,23804
80,80 years,2015,22817
81,81 years,2015,20811
82,82 years,2015,19369
83,83 years,2015,18371
84,84 years,2015,16276
85,85 years,2015,14296
86,86 years,2015,12099
87,87 years,2015,10073
88,88 years,2015,8344
89,89 years,2015,6843
90,90 years,2015,5512
91,91 years,2015,4476
92,92 years,2015,3505
93,93 years,2015,2729
94,94 years,2015,1934
95,95 years,2015,1182
96,96 years,2015,847
97,97 years,2015,330
98,98 years,2015,279
99,99 years,2015,227
100,100 years,2015,199
101,101 years,2015,153
102,102 years,2015,133
103,103 years,2015,121
104,104 years,2015,92
105,105 years,2015,24
106,106 years,2015,10
107,107 years,2015,12
108,108 years,2015,6
109,109 years,2015,4
0,Zero years,2016,58277
1,1 year,2016,56967
2,2 years,2016,56394
3,3 years,2016,56156
4,4 years,2016,56811
5,5 years,2016,61481
6,6 years,2016,58108
7,7 years,2016,59836
8,8 years,2016,57021
9,9 years,2016,54440
10,10 years,2016,53908
11,11 years,2016,54458
12,12 years,2016,53955
13,13 years,2016,51614
14,14 years,2016,50802
15,15 years,2016,51526
16,16 years,2016,54969
17,17 years,2016,55899
18,18 years,2016,56816
19,19 years,2016,58544
20,20 years,2016,59749
21,21 years,2016,61072
22,22 years,2016,65865
23,23 years,2016,72421
24,24 years,2016,73647
25,25 years,2016,77146
26,26 years,2016,78547
27,27 years,2016,78501
28,28 years,2016,80987
29,29 years,2016,81726
30,30 years,2016,83990
31,31 years,2016,86924
32,32 years,2016,86930
33,33 years,2016,87247
34,34 years,2016,87528
35,35 years,2016,87681
36,36 years,2016,88623
37,37 years,2016,92967
38,38 years,2016,92189
39,39 years,2016,91827
40,40 years,2016,91441
41,41 years,2016,89410
42,42 years,2016,89284
43,43 years,2016,84643
44,44 years,2016,79683
45,45 years,2016,75116
46,46 years,2016,72792
47,47 years,2016,71452
48,48 years,2016,67968
49,49 years,2016,68512
50,50 years,2016,70847
51,51 years,2016,72868
52,52 years,2016,75278
53,53 years,2016,74034
54,54 years,2016,70842
55,55 years,2016,72982
56,56 years,2016,72632
57,57 years,2016,71316
58,58 years,2016,73886
59,59 years,2016,75581
60,60 years,2016,76559
61,61 years,2016,75478
62,62 years,2016,73008
63,63 years,2016,71133
64,64 years,2016,70390
65,65 years,2016,68218
66,66 years,2016,63905
67,67 years,2016,57777
68,68 years,2016,55549
69,69 years,2016,52164
70,70 years,2016,43890
71,71 years,2016,39923
72,72 years,2016,40491
73,73 years,2016,36822
74,74 years,2016,35630
75,75 years,2016,34210
76,76 years,2016,32464
77,77 years,2016,29061
78,78 years,2016,26463
79,79 years,2016,24158
80,80 years,2016,22478
81,81 years,2016,21288
82,82 years,2016,19237
83,83 years,2016,17771
84,84 years,2016,16713
85,85 years,2016,14601
86,86 years,2016,12637
87,87 years,2016,10531
88,88 years,2016,8624
89,89 years,2016,7036
90,90 years,2016,5673
91,91 years,2016,4523
92,92 years,2016,3611
93,93 years,2016,2725
94,94 years,2016,2070
95,95 years,2016,1461
96,96 years,2016,927
97,97 years,2016,640
98,98 years,2016,265
99,99 years,2016,231
100,100 years,2016,185
101,101 years,2016,174
102,102 years,2016,142
103,103 years,2016,120
104,104 years,2016,114
105,105 years,2016,88
106,106 years,2016,23
107,107 years,2016,9
108,108 years,2016,11
109,109 years,2016,6
0,Zero years,2017,58735
1,1 year,2017,59054
2,2 years,2017,57279
3,3 years,2017,56604
4,4 years,2017,56274
5,5 years,2017,56905
6,6 years,2017,61494
7,7 years,2017,58151
8,8 years,2017,59839
9,9 years,2017,57009
10,10 years,2017,54445
11,11 years,2017,53903
12,12 years,2017,54452
13,13 years,2017,53941
14,14 years,2017,51616
15,15 years,2017,50796
16,16 years,2017,51522
17,17 years,2017,54963
18,18 years,2017,55888
19,19 years,2017,56814
20,20 years,2017,58543
21,21 years,2017,59764
22,22 years,2017,61087
23,23 years,2017,65895
24,24 years,2017,72493
25,25 years,2017,73678
26,26 years,2017,77158
27,27 years,2017,78559
28,28 years,2017,78484
29,29 years,2017,80996
30,30 years,2017,81680
31,31 years,2017,83959
32,32 years,2017,86847
33,33 years,2017,86865
34,34 years,2017,87140
35,35 years,2017,87431
36,36 years,2017,87546
37,37 years,2017,88477
38,38 years,2017,92809
39,39 years,2017,92057
40,40 years,2017,91678
41,41 years,2017,91268
42,42 years,2017,89227
43,43 years,2017,89131
44,44 years,2017,84470
45,45 years,2017,79502
46,46 years,2017,74951
47,47 years,2017,72569
48,48 years,2017,71236
49,49 years,2017,67721
50,50 years,2017,68269
51,51 years,2017,70500
52,52 years,2017,72446
53,53 years,2017,74863
54,54 years,2017,73583
55,55 years,2017,70368
56,56 years,2017,72471
57,57 years,2017,72055
58,58 years,2017,70677
59,59 years,2017,73173
60,60 years,2017,74756
61,61 years,2017,75593
62,62 years,2017,74537
63,63 years,2017,72001
64,64 years,2017,70068
65,65 years,2017,69276
66,66 years,2017,67075
67,67 years,2017,62834
68,68 years,2017,56589
69,69 years,2017,54367
70,70 years,2017,51007
71,71 years,2017,42740
72,72 years,2017,38811
73,73 years,2017,39291
74,74 years,2017,35580
75,75 years,2017,34425
76,76 years,2017,32896
77,77 years,2017,31067
78,78 years,2017,27664
79,79 years,2017,25025
80,80 years,2017,22796
81,81 years,2017,21002
82,82 years,2017,19666
83,83 years,2017,17581
84,84 years,2017,16098
85,85 years,2017,14986
86,86 years,2017,12855
87,87 years,2017,10977
88,88 years,2017,9079
89,89 years,2017,7177
90,90 years,2017,5797
91,91 years,2017,4582
92,92 years,2017,3594
93,93 years,2017,2843
94,94 years,2017,2075
95,95 years,2017,1543
96,96 years,2017,1095
97,97 years,2017,724
98,98 years,2017,502
99,99 years,2017,222
100,100 years,2017,198
101,101 years,2017,156
102,102 years,2017,149
103,103 years,2017,132
104,104 years,2017,113
105,105 years,2017,108
106,106 years,2017,86
107,107 years,2017,24
108,108 years,2017,11
109,109 years,2017,11
0,Zero years,2018,58445
1,1 year,2018,59484
2,2 years,2018,59358
3,3 years,2018,57499
4,4 years,2018,56746
5,5 years,2018,56360
6,6 years,2018,56950
7,7 years,2018,61526
8,8 years,2018,58156
9,9 years,2018,59830
10,10 years,2018,57002
11,11 years,2018,54438
12,12 years,2018,53892
13,13 years,2018,54435
14,14 years,2018,53921
15,15 years,2018,51608
16,16 years,2018,50792
17,17 years,2018,51517
18,18 years,2018,54960
19,19 years,2018,55900
20,20 years,2018,56810
21,21 years,2018,58575
22,22 years,2018,59798
23,23 years,2018,61111
24,24 years,2018,65943
25,25 years,2018,72495
26,26 years,2018,73738
27,27 years,2018,77169
28,28 years,2018,78513
29,29 years,2018,78470
30,30 years,2018,80942
31,31 years,2018,81639
32,32 years,2018,83907
33,33 years,2018,86776
34,34 years,2018,86772
35,35 years,2018,87005
36,36 years,2018,87317
37,37 years,2018,87399
38,38 years,2018,88348
39,39 years,2018,92664
40,40 years,2018,91891
41,41 years,2018,91523
42,42 years,2018,91087
43,43 years,2018,89052
44,44 years,2018,88946
45,45 years,2018,84290
46,46 years,2018,79314
47,47 years,2018,74761
48,48 years,2018,72349
49,49 years,2018,70996
50,50 years,2018,67491
51,51 years,2018,67951
52,52 years,2018,70135
53,53 years,2018,72055
54,54 years,2018,74390
55,55 years,2018,73080
56,56 years,2018,69841
57,57 years,2018,71909
58,58 years,2018,71433
59,59 years,2018,70012
60,60 years,2018,72387
61,61 years,2018,73837
62,62 years,2018,74675
63,63 years,2018,73525
64,64 years,2018,70962
65,65 years,2018,68962
66,66 years,2018,68042
67,67 years,2018,65871
68,68 years,2018,61547
69,69 years,2018,55378
70,70 years,2018,53154
71,71 years,2018,49798
72,72 years,2018,41584
73,73 years,2018,37699
74,74 years,2018,38026
75,75 years,2018,34374
76,76 years,2018,33094
77,77 years,2018,31485
78,78 years,2018,29576
79,79 years,2018,26216
80,80 years,2018,23615
81,81 years,2018,21248
82,82 years,2018,19448
83,83 years,2018,18072
84,84 years,2018,15923
85,85 years,2018,14424
86,86 years,2018,13259
87,87 years,2018,11145
88,88 years,2018,9455
89,89 years,2018,7681
90,90 years,2018,5963
91,91 years,2018,4707
92,92 years,2018,3643
93,93 years,2018,2865
94,94 years,2018,2230
95,95 years,2018,1603
96,96 years,2018,1216
97,97 years,2018,875
98,98 years,2018,585
99,99 years,2018,407
100,100 years,2018,190
101,101 years,2018,182
102,102 years,2018,140
103,103 years,2018,142
104,104 years,2018,128
105,105 years,2018,106
106,106 years,2018,105
107,107 years,2018,84
108,108 years,2018,24
109,109 years,2018,10